[INFO] [UHD] linux; GNU C++ version 11.4.0; Boost_107400; UHD_4.10.0.0-0ubuntu1~jammy1
[INFO] [X300] X300 initialization sequence...
[INFO] [X300] Maximum frame size: 8000 bytes.
[INFO] [X300] Maximum frame size: 8000 bytes.
[INFO] [X300] Radio 1x clock: 200 MHz
[INFO] [X300] X300 initialization sequence...
[INFO] [X300] Maximum frame size: 8000 bytes.
[INFO] [X300] Maximum frame size: 8000 bytes.
[INFO] [X300] Radio 1x clock: 200 MHz
[WARNING] [0/Radio#1] Attempting to set tick rate to 0. Skipping.
[WARNING] [0/Radio#0] Attempting to set tick rate to 0. Skipping.
[rig-check] own session claim honored (token match): ['/home/miwen/miwen_hwrun_20260802/IN_USE']
[rig-check] rig appears free (no UHD/experiment processes, no claim files).
[gr] RX ref_locked=True (10 MHz 外参)
[gate] first capture: peak 0.332 FS (ref 0.335) pm=1752 d0=4629893
[cap 1] d0=4629893 pm=1752 slots=150000 (15s)
[packtest] |g|=0.1173 (ref 0.1155) resid=0.527 (band (0.3, 0.75)) (15s)
[cal twin] reloaded frozen calibration
[cap 2] d0=4090344 pm=2014 slots=879975 (65s)
[cap 3] d0=4083843 pm=1510 slots=879975 (75s)
[cap 4] d0=4125103 pm=1923 slots=879975 (85s)
[cap 5] d0=4080318 pm=1772 slots=879975 (95s)
[cap 6] d0=4094109 pm=1628 slots=879975 (106s)
[cap 7] d0=4078193 pm=1605 slots=879975 (116s)
[cap 8] d0=4119926 pm=1306 slots=879975 (126s)
[cap 9] d0=4113233 pm=1389 slots=879975 (136s)
[cap 10] d0=4081735 pm=1407 slots=879975 (147s)
[cap 11] d0=4125742 pm=1580 slots=879975 (157s)
[cap 12] d0=4093921 pm=1854 slots=879975 (167s)
[cap 13] d0=4122597 pm=1919 slots=879975 (177s)
[cap 14] d0=4095536 pm=1550 slots=879975 (188s)
[cap 15] d0=4115051 pm=1400 slots=879975 (198s)
[cap 16] d0=4087070 pm=1413 slots=879975 (208s)
[cap 17] d0=4124676 pm=1478 slots=879975 (218s)
[cap 18] d0=4132134 pm=1633 slots=879975 (229s)
[cap 19] d0=4109642 pm=1769 slots=879975 (239s)
[cap 20] d0=4120347 pm=1445 slots=879975 (249s)
[cap 21] d0=4081312 pm=1430 slots=879975 (259s)
[cap 22] d0=4121902 pm=2236 slots=879975 (269s)
[cap 23] d0=5084842 pm=2534 slots=336525 (299s)
[cap 24] d0=4094433 pm=2542 slots=880000 (348s)
[cap 25] d0=4108844 pm=2385 slots=880000 (358s)
[cap 26] d0=4101860 pm=2004 slots=880000 (368s)
[cap 27] d0=4087815 pm=1883 slots=880000 (379s)
[cap 28] d0=4087814 pm=1882 slots=880000 (389s)
[cap 29] d0=4117642 pm=1999 slots=880000 (399s)
[cap 30] d0=4125142 pm=2355 slots=880000 (409s)
[cap 31] d0=4079580 pm=2505 slots=880000 (420s)
[cap 32] d0=4119301 pm=1947 slots=880000 (430s)
[cap 33] d0=4088251 pm=2032 slots=880000 (440s)
[cap 34] d0=4102442 pm=2114 slots=880000 (450s)
[cap 35] d0=4124663 pm=1896 slots=880000 (461s)
[cap 36] d0=4118014 pm=1669 slots=880000 (471s)
[cap 37] d0=4095770 pm=1768 slots=880000 (481s)
[cap 38] d0=4101635 pm=1979 slots=880000 (491s)
[cap 39] d0=4099453 pm=1765 slots=880000 (502s)
[cap 40] d0=4129269 pm=1754 slots=880000 (512s)
[cap 41] d0=4126330 pm=1752 slots=880000 (522s)
[cap 42] d0=4134392 pm=1825 slots=880000 (532s)
[cap 43] d0=4086399 pm=1877 slots=880000 (543s)
[cap 44] d0=4089301 pm=1759 slots=880000 (553s)
[cap 45] d0=4128147 pm=1595 slots=880000 (563s)
[cap 46] d0=4087760 pm=1908 slots=880000 (573s)
[cap 47] d0=4102700 pm=1982 slots=880000 (584s)
[cap 48] d0=4125649 pm=2015 slots=880000 (594s)
[cap 49] d0=4100065 pm=2038 slots=880000 (604s)
[cap 50] d0=4101880 pm=2468 slots=880000 (614s)
[cap 51] d0=4099512 pm=1997 slots=880000 (625s)
[cap 52] d0=4086895 pm=1910 slots=880000 (635s)
[cap 53] d0=4114003 pm=2058 slots=880000 (645s)
[cap 54] d0=4126404 pm=2093 slots=880000 (655s)
[cap 55] d0=4097837 pm=1871 slots=880000 (665s)
[cap 56] d0=4118657 pm=2188 slots=880000 (676s)
[cap 57] d0=4125918 pm=2276 slots=880000 (686s)
[cap 58] d0=4091461 pm=1950 slots=880000 (696s)
[cap 59] d0=4113799 pm=2132 slots=880000 (706s)
[cap 60] d0=4099510 pm=2605 slots=880000 (717s)
[cap 61] d0=4111395 pm=4629 slots=880000 (727s)
[cap 62] d0=4092068 pm=3709 slots=880000 (737s)
[cap 63] d0=4127174 pm=1937 slots=880000 (747s)
[cap 64] d0=4096965 pm=2145 slots=880000 (758s)
[cap 65] d0=4109826 pm=2122 slots=880000 (768s)
[cap 66] d0=4133136 pm=2124 slots=880000 (778s)
[cap 67] d0=4091955 pm=1873 slots=880000 (788s)
[cap 68] d0=4095736 pm=1818 slots=880000 (798s)
[cap 69] d0=4125692 pm=2228 slots=880000 (809s)
[cap 70] d0=4133658 pm=2150 slots=880000 (819s)
[cap 71] d0=4082245 pm=2062 slots=880000 (829s)
[cap 72] d0=4123827 pm=1765 slots=880000 (839s)
[cap 73] d0=4109281 pm=1827 slots=880000 (850s)
[cap 74] d0=4108042 pm=1916 slots=880000 (860s)
[cap 75] d0=4132404 pm=2095 slots=880000 (870s)
[cap 76] d0=4119807 pm=2139 slots=880000 (880s)
[cap 77] d0=4088912 pm=2322 slots=880000 (890s)
[cap 78] d0=4098853 pm=2215 slots=880000 (901s)
[cap 79] d0=4114227 pm=2030 slots=880000 (911s)
[cap 80] d0=4131927 pm=2057 slots=880000 (921s)
[cap 81] d0=4118093 pm=2016 slots=880000 (931s)
[cap 82] d0=6747785 pm=2683 slots=160000 (941s)
[cap 83] d0=4113692 pm=3130 slots=880000 (989s)
[cap 84] d0=4115629 pm=2560 slots=880000 (1000s)
[cap 85] d0=3639233 pm=2804 slots=288000 (1016s)
[cap 86] d0=805072 pm=2602 slots=55040 (1022s)
[run twin] 10/300: running acc 100.00 (1022s)
[cap 87] d0=4100003 pm=2027 slots=879975 (1071s)
[cap 88] d0=4115167 pm=2144 slots=879975 (1081s)
[cap 89] d0=4094263 pm=1991 slots=879975 (1091s)
[cap 90] d0=4082605 pm=1477 slots=879975 (1102s)
[cap 91] d0=4125239 pm=1123 slots=879975 (1112s)
[cap 92] d0=4117029 pm=1392 slots=879975 (1122s)
[cap 93] d0=4101257 pm=1705 slots=879975 (1132s)
[cap 94] d0=4122059 pm=1710 slots=879975 (1143s)
[cap 95] d0=4110826 pm=1717 slots=879975 (1153s)
[cap 96] d0=4136001 pm=1681 slots=879975 (1163s)
[cap 97] d0=4095845 pm=1767 slots=879975 (1173s)
[cap 98] d0=4087617 pm=2294 slots=879975 (1184s)
[cap 99] d0=4114860 pm=1613 slots=879975 (1194s)
[cap 100] d0=4120351 pm=1520 slots=879975 (1204s)
[cap 101] d0=4110468 pm=1471 slots=879975 (1214s)
[cap 102] d0=4093065 pm=1490 slots=879975 (1225s)
[cap 103] d0=4090379 pm=1402 slots=879975 (1235s)
[cap 104] d0=4107830 pm=1375 slots=879975 (1245s)
[cap 105] d0=4131645 pm=1369 slots=879975 (1255s)
[cap 106] d0=4097292 pm=1261 slots=879975 (1265s)
[cap 107] d0=4086517 pm=3551 slots=879975 (1276s)
[cap 108] d0=4589534 pm=2075 slots=336525 (1305s)
[cap 109] d0=4105478 pm=2835 slots=880000 (1354s)
[cap 110] d0=4091040 pm=2227 slots=880000 (1364s)
[cap 111] d0=4106370 pm=2109 slots=880000 (1374s)
[cap 112] d0=4102166 pm=2144 slots=880000 (1384s)
[cap 113] d0=4088731 pm=2015 slots=880000 (1395s)
[cap 114] d0=4096701 pm=1771 slots=880000 (1405s)
[cap 115] d0=4116887 pm=1978 slots=880000 (1415s)
[cap 116] d0=4094435 pm=2032 slots=880000 (1425s)
[cap 117] d0=4127443 pm=1932 slots=880000 (1435s)
[cap 118] d0=4080432 pm=1953 slots=880000 (1446s)
[cap 119] d0=4107149 pm=2062 slots=880000 (1456s)
[cap 120] d0=4093126 pm=1942 slots=880000 (1466s)
[cap 121] d0=4118334 pm=1938 slots=880000 (1476s)
[cap 122] d0=4092166 pm=1898 slots=880000 (1487s)
[cap 123] d0=4104824 pm=1941 slots=880000 (1497s)
[cap 124] d0=4119049 pm=1942 slots=880000 (1507s)
[cap 125] d0=4094738 pm=2229 slots=880000 (1518s)
[cap 126] d0=4100486 pm=2108 slots=880000 (1528s)
[cap 127] d0=4108393 pm=1908 slots=880000 (1538s)
[cap 128] d0=4090586 pm=1926 slots=880000 (1548s)
[cap 129] d0=4130002 pm=1854 slots=880000 (1558s)
[cap 130] d0=4119103 pm=1751 slots=880000 (1569s)
[cap 131] d0=4105424 pm=1935 slots=880000 (1579s)
[cap 132] d0=4092638 pm=1972 slots=880000 (1589s)
[cap 133] d0=4106786 pm=2046 slots=880000 (1599s)
[cap 134] d0=4118702 pm=2402 slots=880000 (1610s)
[cap 135] d0=4095099 pm=2426 slots=880000 (1620s)
[cap 136] d0=4111008 pm=1901 slots=880000 (1630s)
[cap 137] d0=4099650 pm=1843 slots=880000 (1640s)
[cap 138] d0=4090775 pm=1988 slots=880000 (1650s)
[cap 139] d0=4090543 pm=2350 slots=880000 (1660s)
[cap 140] d0=4124831 pm=1804 slots=880000 (1671s)
[cap 141] d0=4114795 pm=2085 slots=880000 (1681s)
[cap 142] d0=4097304 pm=1803 slots=880000 (1691s)
[cap 143] d0=4106337 pm=1749 slots=880000 (1701s)
[cap 144] d0=4096284 pm=1888 slots=880000 (1711s)
[cap 145] d0=4112797 pm=1827 slots=880000 (1722s)
[cap 146] d0=4117122 pm=1717 slots=880000 (1732s)
[cap 147] d0=4119236 pm=1912 slots=880000 (1742s)
[cap 148] d0=4134484 pm=1910 slots=880000 (1752s)
[cap 149] d0=4107727 pm=1986 slots=880000 (1763s)
[cap 150] d0=4093329 pm=2115 slots=880000 (1773s)
[cap 151] d0=4136142 pm=2410 slots=880000 (1783s)
[cap 152] d0=4081270 pm=2126 slots=880000 (1793s)
[cap 153] d0=4115559 pm=2396 slots=880000 (1803s)
[cap 154] d0=4098134 pm=2323 slots=880000 (1813s)
[cap 155] d0=4090755 pm=2203 slots=880000 (1824s)
[cap 156] d0=4111720 pm=2177 slots=880000 (1834s)
[cap 157] d0=4125319 pm=2160 slots=880000 (1844s)
[cap 158] d0=4116385 pm=2069 slots=880000 (1854s)
[cap 159] d0=4120387 pm=2230 slots=880000 (1864s)
[cap 160] d0=4128675 pm=2336 slots=880000 (1874s)
[cap 161] d0=4088777 pm=1929 slots=880000 (1885s)
[cap 162] d0=4080530 pm=2516 slots=880000 (1895s)
[cap 163] d0=4088238 pm=2041 slots=880000 (1905s)
[cap 164] d0=4136030 pm=1839 slots=880000 (1915s)
[cap 165] d0=4091685 pm=1957 slots=880000 (1926s)
[cap 166] d0=4083796 pm=2144 slots=880000 (1936s)
[cap 167] d0=1597289 pm=2444 slots=160000 (1946s)
[cap 168] d0=4122514 pm=2987 slots=880000 (1994s)
[cap 169] d0=4106312 pm=2375 slots=880000 (2005s)
[cap 170] d0=3618877 pm=4073 slots=288000 (2021s)
[cap 171] d0=2598389 pm=2602 slots=55040 (2027s)
[run twin] 20/300: running acc 100.00 (2027s)
[cap 172] d0=4118021 pm=2415 slots=879975 (2075s)
[cap 173] d0=4086449 pm=1893 slots=879975 (2085s)
[cap 174] d0=4106353 pm=1609 slots=879975 (2095s)
[cap 175] d0=4114800 pm=1357 slots=879975 (2106s)
[cap 176] d0=4122781 pm=1343 slots=879975 (2116s)
[cap 177] d0=4119478 pm=1349 slots=879975 (2126s)
[cap 178] d0=4112938 pm=1252 slots=879975 (2136s)
[cap 179] d0=4086517 pm=1471 slots=879975 (2146s)
[cap 180] d0=4106682 pm=2151 slots=879975 (2157s)
[cap 181] d0=4094928 pm=1982 slots=879975 (2167s)
[cap 182] d0=4117945 pm=1434 slots=879975 (2177s)
[cap 183] d0=4128126 pm=1297 slots=879975 (2187s)
[cap 184] d0=4128634 pm=1405 slots=879975 (2197s)
[cap 185] d0=4090984 pm=1757 slots=879975 (2208s)
[cap 186] d0=4081183 pm=1365 slots=879975 (2218s)
[cap 187] d0=4117171 pm=1819 slots=879975 (2228s)
[cap 188] d0=4118141 pm=1606 slots=879975 (2238s)
[cap 189] d0=4075578 pm=1726 slots=879975 (2248s)
[cap 190] d0=4134538 pm=5106 slots=879975 (2259s)
[cap 191] d0=4091458 pm=4141 slots=879975 (2269s)
[cap 192] d0=4112006 pm=1661 slots=879975 (2279s)
[cap 193] d0=6375474 pm=2252 slots=336525 (2308s)
[cap 194] d0=4114032 pm=2461 slots=880000 (2357s)
[cap 195] d0=4093549 pm=1967 slots=880000 (2367s)
[cap 196] d0=4099701 pm=1786 slots=880000 (2377s)
[cap 197] d0=4089017 pm=1916 slots=880000 (2387s)
[cap 198] d0=4090862 pm=2247 slots=880000 (2397s)
[cap 199] d0=4085668 pm=1870 slots=880000 (2408s)
[cap 200] d0=4121699 pm=2008 slots=880000 (2418s)
[cap 201] d0=4090285 pm=2053 slots=880000 (2428s)
[cap 202] d0=4086110 pm=1875 slots=880000 (2438s)
[cap 203] d0=4125384 pm=1884 slots=880000 (2448s)
[cap 204] d0=4094209 pm=1989 slots=880000 (2459s)
[cap 205] d0=4102636 pm=2025 slots=880000 (2469s)
[cap 206] d0=4120002 pm=1998 slots=880000 (2479s)
[cap 207] d0=4107786 pm=1949 slots=880000 (2489s)
[cap 208] d0=4130325 pm=2211 slots=880000 (2499s)
[cap 209] d0=4095051 pm=2508 slots=880000 (2510s)
[cap 210] d0=4085004 pm=2415 slots=880000 (2520s)
[cap 211] d0=4122675 pm=2214 slots=880000 (2530s)
[cap 212] d0=4121586 pm=1931 slots=880000 (2541s)
[cap 213] d0=4121527 pm=1913 slots=880000 (2551s)
[cap 214] d0=4094037 pm=1839 slots=880000 (2561s)
[cap 215] d0=4100804 pm=1804 slots=880000 (2571s)
[cap 216] d0=4132100 pm=1994 slots=880000 (2581s)
[cap 217] d0=4111508 pm=2212 slots=880000 (2592s)
[cap 218] d0=4099593 pm=1898 slots=880000 (2602s)
[cap 219] d0=4093634 pm=1936 slots=880000 (2612s)
[cap 220] d0=4126364 pm=2072 slots=880000 (2622s)
[cap 221] d0=4103190 pm=1847 slots=880000 (2632s)
[cap 222] d0=4110007 pm=1775 slots=880000 (2643s)
[cap 223] d0=4127170 pm=1741 slots=880000 (2653s)
[cap 224] d0=4097625 pm=1761 slots=880000 (2663s)
[cap 225] d0=4129197 pm=1814 slots=880000 (2673s)
[cap 226] d0=4120029 pm=2017 slots=880000 (2684s)
[cap 227] d0=4093848 pm=2007 slots=880000 (2694s)
[cap 228] d0=4118120 pm=1862 slots=880000 (2704s)
[cap 229] d0=4127623 pm=2015 slots=880000 (2714s)
[cap 230] d0=4105742 pm=2053 slots=880000 (2724s)
[cap 231] d0=4091118 pm=2134 slots=880000 (2735s)
[cap 232] d0=4096226 pm=2150 slots=880000 (2745s)
[cap 233] d0=4092909 pm=2053 slots=880000 (2755s)
[cap 234] d0=4093607 pm=1966 slots=880000 (2765s)
[cap 235] d0=4105157 pm=2046 slots=880000 (2775s)
[cap 236] d0=4082858 pm=1928 slots=880000 (2786s)
[cap 237] d0=4104975 pm=1793 slots=880000 (2796s)
[cap 238] d0=4108059 pm=1782 slots=880000 (2806s)
[cap 239] d0=4117770 pm=1957 slots=880000 (2816s)
[cap 240] d0=4121491 pm=2104 slots=880000 (2826s)
[cap 241] d0=4103564 pm=1921 slots=880000 (2837s)
[cap 242] d0=4099234 pm=1898 slots=880000 (2847s)
[cap 243] d0=4116926 pm=1949 slots=880000 (2857s)
[cap 244] d0=4125020 pm=1960 slots=880000 (2867s)
[cap 245] d0=4120275 pm=2106 slots=880000 (2877s)
[cap 246] d0=4119665 pm=1964 slots=880000 (2888s)
[cap 247] d0=4094703 pm=1820 slots=880000 (2898s)
[cap 248] d0=4108584 pm=2263 slots=880000 (2908s)
[cap 249] d0=4119519 pm=1949 slots=880000 (2918s)
[cap 250] d0=4080285 pm=1857 slots=880000 (2928s)
[cap 251] d0=4114269 pm=2101 slots=880000 (2939s)
[cap 252] d0=1621810 pm=2416 slots=160000 (2949s)
[cap 253] d0=4124354 pm=3474 slots=880000 (2997s)
[cap 254] d0=4092430 pm=2523 slots=880000 (3007s)
[cap 255] d0=3647609 pm=2860 slots=288000 (3023s)
[cap 256] d0=2616916 pm=2656 slots=55040 (3029s)
[run twin] 30/300: running acc 100.00 (3029s)
[cap 257] d0=4109607 pm=2024 slots=879975 (3078s)
[cap 258] d0=4112987 pm=1662 slots=879975 (3088s)
[cap 259] d0=4103242 pm=1544 slots=879975 (3098s)
[cap 260] d0=4104092 pm=1399 slots=879975 (3109s)
[cap 261] d0=4121366 pm=1296 slots=879975 (3119s)
[cap 262] d0=4093112 pm=1308 slots=879975 (3129s)
[cap 263] d0=4086006 pm=1405 slots=879975 (3139s)
[cap 264] d0=4097333 pm=1483 slots=879975 (3149s)
[cap 265] d0=4087193 pm=1339 slots=879975 (3160s)
[cap 266] d0=4084929 pm=1335 slots=879975 (3170s)
[cap 267] d0=4117317 pm=1297 slots=879975 (3180s)
[cap 268] d0=4119131 pm=1588 slots=879975 (3190s)
[cap 269] d0=4107686 pm=2598 slots=879975 (3201s)
[cap 270] d0=4103647 pm=1748 slots=879975 (3211s)
[cap 271] d0=4105255 pm=1595 slots=879975 (3221s)
[cap 272] d0=4098192 pm=2714 slots=879975 (3231s)
[cap 273] d0=4107032 pm=2670 slots=879975 (3241s)
[cap 274] d0=4105506 pm=1841 slots=879975 (3252s)
[cap 275] d0=4115140 pm=1567 slots=879975 (3262s)
[cap 276] d0=4097451 pm=1891 slots=879975 (3272s)
[cap 277] d0=4079480 pm=2959 slots=879975 (3282s)
[cap 278] d0=5073491 pm=2163 slots=336525 (3311s)
[cap 279] d0=4082457 pm=2336 slots=880000 (3360s)
[cap 280] d0=4130669 pm=1992 slots=880000 (3370s)
[cap 281] d0=4104936 pm=1678 slots=880000 (3380s)
[cap 282] d0=4101691 pm=1844 slots=880000 (3390s)
[cap 283] d0=4108888 pm=1901 slots=880000 (3400s)
[cap 284] d0=4113720 pm=1871 slots=880000 (3411s)
[cap 285] d0=4090579 pm=1933 slots=880000 (3421s)
[cap 286] d0=4109317 pm=1973 slots=880000 (3431s)
[cap 287] d0=4091092 pm=2073 slots=880000 (3441s)
[cap 288] d0=4111832 pm=2096 slots=880000 (3452s)
[cap 289] d0=4095356 pm=1955 slots=880000 (3462s)
[cap 290] d0=4098395 pm=1789 slots=880000 (3472s)
[cap 291] d0=4083212 pm=1949 slots=880000 (3482s)
[cap 292] d0=4128683 pm=2057 slots=880000 (3492s)
[cap 293] d0=4121337 pm=1977 slots=880000 (3503s)
[cap 294] d0=4095822 pm=1862 slots=880000 (3513s)
[cap 295] d0=4092609 pm=1865 slots=880000 (3523s)
[cap 296] d0=4121912 pm=2418 slots=880000 (3533s)
[cap 297] d0=4125513 pm=1987 slots=880000 (3543s)
[cap 298] d0=4100776 pm=1782 slots=880000 (3554s)
[cap 299] d0=4082354 pm=1848 slots=880000 (3564s)
[cap 300] d0=4090393 pm=1769 slots=880000 (3574s)
[cap 301] d0=4109371 pm=1896 slots=880000 (3584s)
[cap 302] d0=4112287 pm=2375 slots=880000 (3594s)
[cap 303] d0=4091847 pm=2411 slots=880000 (3604s)
[cap 304] d0=4115994 pm=2906 slots=880000 (3615s)
[cap 305] d0=4122715 pm=2877 slots=880000 (3625s)
[cap 306] d0=4094671 pm=2299 slots=880000 (3635s)
[cap 307] d0=4104764 pm=1992 slots=880000 (3645s)
[cap 308] d0=4098029 pm=2721 slots=880000 (3656s)
[cap 309] d0=4099591 pm=2971 slots=880000 (3666s)
[cap 310] d0=4127744 pm=2725 slots=880000 (3676s)
[cap 311] d0=4119924 pm=2642 slots=880000 (3686s)
[cap 312] d0=4097623 pm=4944 slots=880000 (3696s)
[cap 313] d0=4103107 pm=2189 slots=880000 (3707s)
[cap 314] d0=4134094 pm=1877 slots=880000 (3717s)
[cap 315] d0=4115580 pm=1869 slots=880000 (3727s)
[cap 316] d0=4134601 pm=2054 slots=880000 (3737s)
[cap 317] d0=4092170 pm=2113 slots=880000 (3748s)
[cap 318] d0=4101454 pm=1967 slots=880000 (3758s)
[cap 319] d0=4092098 pm=2041 slots=880000 (3768s)
[cap 320] d0=4111554 pm=2015 slots=880000 (3778s)
[cap 321] d0=4112991 pm=2000 slots=880000 (3788s)
[cap 322] d0=4089251 pm=2036 slots=880000 (3799s)
[cap 323] d0=4103067 pm=2516 slots=880000 (3809s)
[cap 324] d0=4094237 pm=2140 slots=880000 (3819s)
[cap 325] d0=4124924 pm=1917 slots=880000 (3829s)
[cap 326] d0=4089858 pm=2016 slots=880000 (3840s)
[cap 327] d0=4098439 pm=2278 slots=880000 (3850s)
[cap 328] d0=4091236 pm=1960 slots=880000 (3860s)
[cap 329] d0=4118694 pm=2189 slots=880000 (3870s)
[cap 330] d0=4112550 pm=2408 slots=880000 (3880s)
[cap 331] d0=4110964 pm=2056 slots=880000 (3891s)
[cap 332] d0=4079076 pm=2093 slots=880000 (3901s)
[cap 333] d0=4106134 pm=1938 slots=880000 (3911s)
[cap 334] d0=4092095 pm=1828 slots=880000 (3921s)
[cap 335] d0=4095452 pm=1859 slots=880000 (3931s)
[cap 336] d0=4114833 pm=2053 slots=880000 (3942s)
[cap 337] d0=1598539 pm=2365 slots=160000 (3952s)
[cap 338] d0=4100383 pm=3172 slots=880000 (4001s)
[cap 339] d0=4130831 pm=2433 slots=880000 (4011s)
[cap 340] d0=3645452 pm=3153 slots=288000 (4027s)
[cap 341] d0=807008 pm=2620 slots=55040 (4033s)
[run twin] 40/300: running acc 100.00 (4033s)
[cap 342] d0=4100238 pm=1899 slots=879975 (4083s)
[cap 343] d0=4082248 pm=1519 slots=879975 (4093s)
[cap 344] d0=4096120 pm=1354 slots=879975 (4103s)
[cap 345] d0=4122714 pm=1680 slots=879975 (4114s)
[cap 346] d0=4114953 pm=1487 slots=879975 (4124s)
[cap 347] d0=4078652 pm=1402 slots=879975 (4134s)
[cap 348] d0=4129241 pm=1242 slots=879975 (4144s)
[cap 349] d0=4104225 pm=1313 slots=879975 (4154s)
[cap 350] d0=4109207 pm=1633 slots=879975 (4165s)
[cap 351] d0=4114066 pm=2179 slots=879975 (4175s)
[cap 352] d0=4100974 pm=2176 slots=879975 (4185s)
[cap 353] d0=4080560 pm=1753 slots=879975 (4195s)
[cap 354] d0=4116232 pm=1396 slots=879975 (4206s)
[cap 355] d0=4128434 pm=1379 slots=879975 (4216s)
[cap 356] d0=4088172 pm=1322 slots=879975 (4226s)
[cap 357] d0=4088140 pm=2070 slots=879975 (4236s)
[cap 358] d0=4106308 pm=3130 slots=879975 (4246s)
[cap 359] d0=4089735 pm=3300 slots=879975 (4257s)
[cap 360] d0=4091217 pm=1710 slots=879975 (4267s)
[cap 361] d0=4124267 pm=3335 slots=879975 (4277s)
[cap 362] d0=4124493 pm=3878 slots=879975 (4287s)
[cap 363] d0=5965922 pm=2234 slots=336525 (4316s)
[cap 364] d0=4128566 pm=2384 slots=880000 (4365s)
[cap 365] d0=4120536 pm=2150 slots=880000 (4375s)
[cap 366] d0=4130864 pm=1964 slots=880000 (4385s)
[cap 367] d0=4113999 pm=1864 slots=880000 (4395s)
[cap 368] d0=4087520 pm=2239 slots=880000 (4406s)
[cap 369] d0=4113725 pm=1757 slots=880000 (4416s)
[cap 370] d0=4104477 pm=1854 slots=880000 (4426s)
[cap 371] d0=4102704 pm=1781 slots=880000 (4436s)
[cap 372] d0=4105509 pm=1760 slots=880000 (4446s)
[cap 373] d0=4090672 pm=1842 slots=880000 (4457s)
[cap 374] d0=4102083 pm=1874 slots=880000 (4467s)
[cap 375] d0=4123993 pm=1768 slots=880000 (4477s)
[cap 376] d0=4091673 pm=1896 slots=880000 (4487s)
[cap 377] d0=4086254 pm=1669 slots=880000 (4498s)
[cap 378] d0=4093176 pm=1805 slots=880000 (4508s)
[cap 379] d0=4100144 pm=1770 slots=880000 (4518s)
[cap 380] d0=4099026 pm=1963 slots=880000 (4528s)
[cap 381] d0=4091868 pm=1963 slots=880000 (4539s)
[cap 382] d0=4134943 pm=2092 slots=880000 (4549s)
[cap 383] d0=4133188 pm=2112 slots=880000 (4559s)
[cap 384] d0=4121302 pm=2007 slots=880000 (4569s)
[cap 385] d0=4110321 pm=1774 slots=880000 (4579s)
[cap 386] d0=4124521 pm=2209 slots=880000 (4590s)
[cap 387] d0=4108593 pm=2110 slots=880000 (4600s)
[cap 388] d0=4126525 pm=1975 slots=880000 (4610s)
[cap 389] d0=4121645 pm=2092 slots=880000 (4620s)
[cap 390] d0=4102516 pm=2468 slots=880000 (4630s)
[cap 391] d0=4129552 pm=2024 slots=880000 (4641s)
[cap 392] d0=4106945 pm=2048 slots=880000 (4651s)
[cap 393] d0=4134465 pm=2137 slots=880000 (4661s)
[cap 394] d0=4078387 pm=2226 slots=880000 (4671s)
[cap 395] d0=4079051 pm=2010 slots=880000 (4681s)
[cap 396] d0=4104455 pm=2157 slots=880000 (4692s)
[cap 397] d0=4104508 pm=2151 slots=880000 (4702s)
[cap 398] d0=4122570 pm=2075 slots=880000 (4712s)
[cap 399] d0=4123931 pm=2234 slots=880000 (4722s)
[cap 400] d0=4098006 pm=2062 slots=880000 (4733s)
[cap 401] d0=4104313 pm=2107 slots=880000 (4743s)
[cap 402] d0=4110158 pm=2169 slots=880000 (4753s)
[cap 403] d0=4108659 pm=2064 slots=880000 (4763s)
[cap 404] d0=4085986 pm=2554 slots=880000 (4773s)
[cap 405] d0=4080304 pm=2097 slots=880000 (4784s)
[cap 406] d0=4122540 pm=2510 slots=880000 (4794s)
[cap 407] d0=4103573 pm=2359 slots=880000 (4804s)
[cap 408] d0=4101227 pm=2549 slots=880000 (4814s)
[cap 409] d0=4099031 pm=2118 slots=880000 (4825s)
[cap 410] d0=4091687 pm=1908 slots=880000 (4835s)
[cap 411] d0=4100133 pm=1815 slots=880000 (4845s)
[cap 412] d0=4083578 pm=1875 slots=880000 (4855s)
[cap 413] d0=4117237 pm=1889 slots=880000 (4866s)
[cap 414] d0=4092837 pm=1647 slots=880000 (4876s)
[cap 415] d0=4086388 pm=1949 slots=880000 (4886s)
[cap 416] d0=4116693 pm=2760 slots=880000 (4896s)
[cap 417] d0=4093559 pm=2368 slots=880000 (4906s)
[cap 418] d0=4102963 pm=2009 slots=880000 (4917s)
[cap 419] d0=4115848 pm=2079 slots=880000 (4927s)
[cap 420] d0=4083855 pm=2186 slots=880000 (4937s)
[cap 421] d0=4084351 pm=2141 slots=880000 (4947s)
[cap 422] d0=6753303 pm=2474 slots=160000 (4957s)
[cap 423] d0=4103427 pm=2755 slots=880000 (5006s)
[cap 424] d0=4117090 pm=3095 slots=880000 (5016s)
[cap 425] d0=3642338 pm=3722 slots=288000 (5033s)
[cap 426] d0=2604015 pm=2692 slots=55040 (5039s)
[run twin] 50/300: running acc 100.00 (5039s)
[cap 427] d0=4116971 pm=2029 slots=879975 (5088s)
[cap 428] d0=4116104 pm=1628 slots=879975 (5098s)
[cap 429] d0=4111390 pm=1504 slots=879975 (5109s)
[cap 430] d0=4085609 pm=1350 slots=879975 (5119s)
[cap 431] d0=4094593 pm=1282 slots=879975 (5129s)
[cap 432] d0=4090528 pm=1358 slots=879975 (5139s)
[cap 433] d0=4092485 pm=1177 slots=879975 (5150s)
[cap 434] d0=4082749 pm=1497 slots=879975 (5160s)
[cap 435] d0=4104810 pm=1415 slots=879975 (5170s)
[cap 436] d0=4093657 pm=1618 slots=879975 (5180s)
[cap 437] d0=4117908 pm=4373 slots=879975 (5190s)
[cap 438] d0=4093543 pm=3363 slots=879975 (5201s)
[cap 439] d0=4106484 pm=1518 slots=879975 (5211s)
[cap 440] d0=4129757 pm=1517 slots=879975 (5221s)
[cap 441] d0=4113376 pm=1502 slots=879975 (5231s)
[cap 442] d0=4091547 pm=1498 slots=879975 (5242s)
[cap 443] d0=4126346 pm=1640 slots=879975 (5252s)
[cap 444] d0=4083177 pm=1625 slots=879975 (5262s)
[cap 445] d0=4100078 pm=1502 slots=879975 (5272s)
[cap 446] d0=4123454 pm=1534 slots=879975 (5282s)
[cap 447] d0=4093840 pm=1830 slots=879975 (5293s)
[cap 448] d0=6999873 pm=2686 slots=336525 (5322s)
[cap 449] d0=4101317 pm=2717 slots=880000 (5370s)
[cap 450] d0=4111127 pm=3910 slots=880000 (5381s)
[cap 451] d0=4115207 pm=2903 slots=880000 (5391s)
[cap 452] d0=4119432 pm=2074 slots=880000 (5401s)
[cap 453] d0=4123759 pm=2463 slots=880000 (5411s)
[cap 454] d0=4123223 pm=2270 slots=880000 (5421s)
[cap 455] d0=4114628 pm=2045 slots=880000 (5432s)
[cap 456] d0=4091590 pm=1950 slots=880000 (5442s)
[cap 457] d0=4093981 pm=2224 slots=880000 (5452s)
[cap 458] d0=4093095 pm=2230 slots=880000 (5462s)
[cap 459] d0=4104744 pm=2250 slots=880000 (5472s)
[cap 460] d0=4090095 pm=2175 slots=880000 (5483s)
[cap 461] d0=4124605 pm=1791 slots=880000 (5493s)
[cap 462] d0=4121188 pm=1837 slots=880000 (5503s)
[cap 463] d0=4111947 pm=1989 slots=880000 (5513s)
[cap 464] d0=4106150 pm=1999 slots=880000 (5524s)
[cap 465] d0=4106110 pm=2235 slots=880000 (5534s)
[cap 466] d0=4126500 pm=2121 slots=880000 (5544s)
[cap 467] d0=4108104 pm=1885 slots=880000 (5554s)
[cap 468] d0=4103133 pm=2265 slots=880000 (5564s)
Ousrp_source :error: In the last 5558952 ms, 1 overflows occurred.
[cap 469] d0=4129838 pm=2162 slots=880000 (5575s)
[cap 470] d0=4085442 pm=2135 slots=880000 (5585s)
[cap 471] d0=4108915 pm=1912 slots=880000 (5595s)
[cap 472] d0=4106483 pm=1950 slots=880000 (5605s)
[cap 473] d0=4095298 pm=1855 slots=880000 (5616s)
[cap 474] d0=4109455 pm=2110 slots=880000 (5626s)
[cap 475] d0=4130355 pm=2113 slots=880000 (5636s)
[cap 476] d0=4091586 pm=1845 slots=880000 (5646s)
[cap 477] d0=4094661 pm=1853 slots=880000 (5656s)
[cap 478] d0=4088456 pm=1899 slots=880000 (5667s)
[cap 479] d0=4108567 pm=2234 slots=880000 (5677s)
[cap 480] d0=4111624 pm=2066 slots=880000 (5687s)
[cap 481] d0=4083169 pm=2261 slots=880000 (5697s)
[cap 482] d0=4089016 pm=2564 slots=880000 (5707s)
[cap 483] d0=4086310 pm=2092 slots=880000 (5718s)
[cap 484] d0=4108965 pm=1900 slots=880000 (5728s)
[cap 485] d0=4101904 pm=1920 slots=880000 (5738s)
[cap 486] d0=4107854 pm=1824 slots=880000 (5748s)
[cap 487] d0=4101933 pm=1982 slots=880000 (5758s)
[cap 488] d0=4098465 pm=1975 slots=880000 (5769s)
[cap 489] d0=4096389 pm=1995 slots=880000 (5779s)
[cap 490] d0=4097885 pm=2158 slots=880000 (5789s)
[cap 491] d0=4123923 pm=2033 slots=880000 (5799s)
[cap 492] d0=4132712 pm=2072 slots=880000 (5809s)
[cap 493] d0=4116018 pm=2173 slots=880000 (5820s)
[cap 494] d0=4104420 pm=2125 slots=880000 (5830s)
[cap 495] d0=4085828 pm=2256 slots=880000 (5840s)
[cap 496] d0=4120005 pm=2685 slots=880000 (5850s)
[cap 497] d0=4111437 pm=2694 slots=880000 (5860s)
[cap 498] d0=4107007 pm=1899 slots=880000 (5871s)
[cap 499] d0=4095243 pm=1775 slots=880000 (5881s)
[cap 500] d0=4092579 pm=1888 slots=880000 (5891s)
[cap 501] d0=4124849 pm=1924 slots=880000 (5901s)
[cap 502] d0=4089500 pm=1885 slots=880000 (5911s)
[cap 503] d0=4118931 pm=2006 slots=880000 (5922s)
[cap 504] d0=4120580 pm=1936 slots=880000 (5932s)
[cap 505] d0=4100015 pm=1901 slots=880000 (5942s)
[cap 506] d0=4110819 pm=2015 slots=880000 (5952s)
[cap 507] d0=6747351 pm=2295 slots=160000 (5962s)
[cap 508] d0=4104601 pm=2852 slots=880000 (6011s)
[cap 509] d0=4080180 pm=1996 slots=880000 (6021s)
[cap 510] d0=3607898 pm=3154 slots=288000 (6037s)
[cap 511] d0=2584030 pm=2539 slots=55040 (6043s)
[run twin] 60/300: running acc 100.00 (6043s)
[cap 512] d0=4100419 pm=2692 slots=879975 (6092s)
[cap 513] d0=4105207 pm=1829 slots=879975 (6102s)
[cap 514] d0=4109678 pm=2072 slots=879975 (6112s)
[cap 515] d0=4110077 pm=1589 slots=879975 (6122s)
[cap 516] d0=4074049 pm=1286 slots=879975 (6133s)
[cap 517] d0=4116153 pm=1428 slots=879975 (6143s)
[cap 518] d0=4101411 pm=1671 slots=879975 (6153s)
[cap 519] d0=4102183 pm=1548 slots=879975 (6163s)
[cap 520] d0=4092052 pm=1734 slots=879975 (6173s)
[cap 521] d0=4083894 pm=1413 slots=879975 (6184s)
[cap 522] d0=4095209 pm=1341 slots=879975 (6194s)
[cap 523] d0=4112048 pm=1810 slots=879975 (6204s)
[cap 524] d0=4085512 pm=2353 slots=879975 (6214s)
[cap 525] d0=4090904 pm=1779 slots=879975 (6225s)
[cap 526] d0=4089172 pm=2803 slots=879975 (6235s)
[cap 527] d0=4093779 pm=2518 slots=879975 (6245s)
[cap 528] d0=4099325 pm=2152 slots=879975 (6255s)
[cap 529] d0=4126866 pm=2144 slots=879975 (6265s)
[cap 530] d0=4093833 pm=1877 slots=879975 (6276s)
[cap 531] d0=4125937 pm=1404 slots=879975 (6286s)
[cap 532] d0=4113826 pm=1442 slots=879975 (6296s)
[cap 533] d0=5690462 pm=2064 slots=336525 (6325s)
[cap 534] d0=4082452 pm=2534 slots=880000 (6374s)
[cap 535] d0=4121734 pm=2040 slots=880000 (6384s)
[cap 536] d0=4117057 pm=1838 slots=880000 (6394s)
[cap 537] d0=4135707 pm=1912 slots=880000 (6404s)
[cap 538] d0=4094450 pm=1932 slots=880000 (6414s)
[cap 539] d0=4083730 pm=1989 slots=880000 (6425s)
[cap 540] d0=4128365 pm=2050 slots=880000 (6435s)
[cap 541] d0=4093294 pm=2068 slots=880000 (6445s)
[cap 542] d0=4098295 pm=1940 slots=880000 (6455s)
[cap 543] d0=4110046 pm=2144 slots=880000 (6466s)
[cap 544] d0=4095339 pm=2097 slots=880000 (6476s)
[cap 545] d0=4111353 pm=1822 slots=880000 (6486s)
[cap 546] d0=4091891 pm=1693 slots=880000 (6496s)
[cap 547] d0=4098438 pm=1823 slots=880000 (6507s)
[cap 548] d0=4105903 pm=1920 slots=880000 (6517s)
[cap 549] d0=4104427 pm=1790 slots=880000 (6527s)
[cap 550] d0=4089205 pm=2050 slots=880000 (6537s)
[cap 551] d0=4121447 pm=2122 slots=880000 (6548s)
[cap 552] d0=4091314 pm=1753 slots=880000 (6558s)
[cap 553] d0=4096944 pm=2325 slots=880000 (6568s)
[cap 554] d0=4121696 pm=2052 slots=880000 (6578s)
[cap 555] d0=4098326 pm=1893 slots=880000 (6588s)
[cap 556] d0=4110275 pm=2321 slots=880000 (6599s)
[cap 557] d0=4132642 pm=1962 slots=880000 (6609s)
[cap 558] d0=4131563 pm=2069 slots=880000 (6619s)
[cap 559] d0=4101583 pm=2360 slots=880000 (6629s)
[cap 560] d0=4087474 pm=2045 slots=880000 (6640s)
[cap 561] d0=4114744 pm=1806 slots=880000 (6650s)
[cap 562] d0=4133690 pm=1759 slots=880000 (6660s)
[cap 563] d0=4109386 pm=1903 slots=880000 (6670s)
[cap 564] d0=4088160 pm=1940 slots=880000 (6680s)
[cap 565] d0=4118433 pm=1765 slots=880000 (6690s)
[cap 566] d0=4111636 pm=1944 slots=880000 (6701s)
[cap 567] d0=4083370 pm=1897 slots=880000 (6711s)
[cap 568] d0=4128179 pm=1795 slots=880000 (6721s)
[cap 569] d0=4123651 pm=1852 slots=880000 (6731s)
[cap 570] d0=4082509 pm=1818 slots=880000 (6742s)
[cap 571] d0=4112114 pm=1712 slots=880000 (6752s)
[cap 572] d0=4091286 pm=1884 slots=880000 (6762s)
[cap 573] d0=4084557 pm=1899 slots=880000 (6772s)
[cap 574] d0=4088663 pm=1960 slots=880000 (6783s)
[cap 575] d0=4104359 pm=2885 slots=880000 (6793s)
[cap 576] d0=4129122 pm=2106 slots=880000 (6803s)
[cap 577] d0=4098410 pm=1632 slots=880000 (6813s)
[cap 578] d0=4081666 pm=1841 slots=880000 (6823s)
[cap 579] d0=4122092 pm=2226 slots=880000 (6834s)
[cap 580] d0=4107922 pm=2278 slots=880000 (6844s)
[cap 581] d0=4131916 pm=1834 slots=880000 (6854s)
[cap 582] d0=4100593 pm=1991 slots=880000 (6864s)
[cap 583] d0=4117759 pm=1936 slots=880000 (6875s)
[cap 584] d0=4100160 pm=1673 slots=880000 (6885s)
[cap 585] d0=4099442 pm=1928 slots=880000 (6895s)
[cap 586] d0=4121411 pm=1974 slots=880000 (6905s)
[cap 587] d0=4123904 pm=1811 slots=880000 (6915s)
[cap 588] d0=4082495 pm=1896 slots=880000 (6926s)
[cap 589] d0=4124452 pm=1777 slots=880000 (6936s)
[cap 590] d0=4086213 pm=1873 slots=880000 (6946s)
[cap 591] d0=4125558 pm=2003 slots=880000 (6956s)
[cap 592] d0=6738610 pm=2435 slots=160000 (6967s)
[cap 593] d0=4096307 pm=3176 slots=880000 (7015s)
[cap 594] d0=4112412 pm=2425 slots=880000 (7025s)
[cap 595] d0=3622020 pm=2743 slots=288000 (7042s)
[cap 596] d0=860104 pm=2605 slots=55040 (7048s)
[run twin] 70/300: running acc 100.00 (7048s)
[cap 597] d0=4134340 pm=2164 slots=879975 (7096s)
[cap 598] d0=4109602 pm=1367 slots=879975 (7106s)
[cap 599] d0=4085129 pm=1370 slots=879975 (7117s)
[cap 600] d0=4126416 pm=1365 slots=879975 (7127s)
[cap 601] d0=4107184 pm=1461 slots=879975 (7137s)
[cap 602] d0=4104115 pm=1437 slots=879975 (7147s)
[cap 603] d0=4136370 pm=1275 slots=879975 (7158s)
[cap 604] d0=4115772 pm=1327 slots=879975 (7168s)
[cap 605] d0=4121288 pm=2401 slots=879975 (7178s)
[cap 606] d0=4114241 pm=4430 slots=879975 (7188s)
[cap 607] d0=4083549 pm=2532 slots=879975 (7198s)
[cap 608] d0=4117233 pm=1551 slots=879975 (7209s)
[cap 609] d0=4087617 pm=1517 slots=879975 (7219s)
[cap 610] d0=4113710 pm=1367 slots=879975 (7229s)
[cap 611] d0=4093097 pm=1428 slots=879975 (7239s)
[cap 612] d0=4091505 pm=1517 slots=879975 (7249s)
[cap 613] d0=4113587 pm=1541 slots=879975 (7260s)
[cap 614] d0=4130052 pm=1260 slots=879975 (7270s)
[cap 615] d0=4082820 pm=1464 slots=879975 (7280s)
[cap 616] d0=4128822 pm=6873 slots=879975 (7290s)
[cap 617] d0=4124192 pm=1909 slots=879975 (7301s)
[cap 618] d0=6703798 pm=4280 slots=336525 (7329s)
[cap 619] d0=4096926 pm=2450 slots=880000 (7378s)
[cap 620] d0=4123790 pm=2145 slots=880000 (7388s)
[cap 621] d0=4106314 pm=1829 slots=880000 (7399s)
[cap 622] d0=4080546 pm=1920 slots=880000 (7409s)
[cap 623] d0=4083108 pm=1859 slots=880000 (7419s)
[cap 624] d0=4114539 pm=1639 slots=880000 (7429s)
[cap 625] d0=4108428 pm=2002 slots=880000 (7439s)
[cap 626] d0=4080038 pm=2240 slots=880000 (7450s)
[cap 627] d0=4097699 pm=1713 slots=880000 (7460s)
[cap 628] d0=4122097 pm=1819 slots=880000 (7470s)
[cap 629] d0=4124149 pm=1937 slots=880000 (7480s)
[cap 630] d0=4120093 pm=1855 slots=880000 (7490s)
[cap 631] d0=4136490 pm=1737 slots=880000 (7501s)
[cap 632] d0=4115115 pm=1814 slots=880000 (7511s)
[cap 633] d0=4087612 pm=1896 slots=880000 (7521s)
[cap 634] d0=4089367 pm=1989 slots=880000 (7531s)
[cap 635] d0=4111119 pm=1946 slots=880000 (7541s)
[cap 636] d0=4097357 pm=1810 slots=880000 (7552s)
[cap 637] d0=4133530 pm=2710 slots=880000 (7562s)
[cap 638] d0=4105605 pm=3012 slots=880000 (7572s)
[cap 639] d0=4097289 pm=2710 slots=880000 (7582s)
[cap 640] d0=4098955 pm=1780 slots=880000 (7593s)
[cap 641] d0=4130168 pm=2464 slots=880000 (7603s)
[cap 642] d0=4117614 pm=2350 slots=880000 (7613s)
[cap 643] d0=4113798 pm=2171 slots=880000 (7623s)
[cap 644] d0=4103844 pm=2073 slots=880000 (7633s)
[cap 645] d0=4127752 pm=1991 slots=880000 (7644s)
[cap 646] d0=4084568 pm=1762 slots=880000 (7654s)
[cap 647] d0=4113363 pm=1739 slots=880000 (7664s)
[cap 648] d0=4099196 pm=1968 slots=880000 (7674s)
[cap 649] d0=4089976 pm=2225 slots=880000 (7684s)
[cap 650] d0=4104979 pm=1925 slots=880000 (7694s)
[cap 651] d0=4119885 pm=2181 slots=880000 (7705s)
[cap 652] d0=4125265 pm=2163 slots=880000 (7715s)
[cap 653] d0=4131015 pm=2203 slots=880000 (7725s)
[cap 654] d0=4103340 pm=2279 slots=880000 (7735s)
[cap 655] d0=4100042 pm=1946 slots=880000 (7746s)
[cap 656] d0=4124151 pm=1885 slots=880000 (7756s)
[cap 657] d0=4097504 pm=2013 slots=880000 (7766s)
[cap 658] d0=4104247 pm=1916 slots=880000 (7776s)
[cap 659] d0=4129663 pm=2147 slots=880000 (7786s)
[cap 660] d0=4102985 pm=2053 slots=880000 (7797s)
[cap 661] d0=4088059 pm=1827 slots=880000 (7807s)
[cap 662] d0=4111703 pm=1847 slots=880000 (7817s)
[cap 663] d0=4083617 pm=1913 slots=880000 (7827s)
[cap 664] d0=4124326 pm=1937 slots=880000 (7838s)
[cap 665] d0=4117851 pm=1952 slots=880000 (7848s)
[cap 666] d0=4120980 pm=1692 slots=880000 (7858s)
[cap 667] d0=4105976 pm=1931 slots=880000 (7868s)
[cap 668] d0=4136753 pm=1811 slots=880000 (7878s)
[cap 669] d0=4128526 pm=1747 slots=880000 (7889s)
[cap 670] d0=4116342 pm=2013 slots=880000 (7899s)
[cap 671] d0=4108157 pm=1920 slots=880000 (7909s)
[cap 672] d0=4103776 pm=2047 slots=880000 (7919s)
[cap 673] d0=4093737 pm=2412 slots=880000 (7929s)
[cap 674] d0=4092528 pm=2359 slots=880000 (7940s)
[cap 675] d0=4089986 pm=2287 slots=880000 (7950s)
[cap 676] d0=4120855 pm=2571 slots=880000 (7960s)
[cap 677] d0=1597170 pm=2797 slots=160000 (7970s)
[cap 678] d0=4112798 pm=3021 slots=880000 (8019s)
[cap 679] d0=4101311 pm=3326 slots=880000 (8029s)
[cap 680] d0=3618986 pm=3030 slots=288000 (8045s)
[cap 681] d0=2469775 pm=2552 slots=55040 (8051s)
[run twin] 80/300: running acc 100.00 (8051s)
[cap 682] d0=4087903 pm=2268 slots=879975 (8100s)
[cap 683] d0=4107537 pm=2568 slots=879975 (8110s)
[cap 684] d0=4118645 pm=1731 slots=879975 (8120s)
[cap 685] d0=4108563 pm=1309 slots=879975 (8131s)
[cap 686] d0=4113849 pm=1416 slots=879975 (8141s)
[cap 687] d0=4092248 pm=1506 slots=879975 (8151s)
[cap 688] d0=4124173 pm=1372 slots=879975 (8161s)
[cap 689] d0=4116681 pm=1473 slots=879975 (8171s)
[cap 690] d0=4107592 pm=1606 slots=879975 (8182s)
[cap 691] d0=4116176 pm=1821 slots=879975 (8192s)
[cap 692] d0=4109499 pm=1629 slots=879975 (8202s)
[cap 693] d0=4091814 pm=1292 slots=879975 (8212s)
[cap 694] d0=4106361 pm=2019 slots=879975 (8222s)
[cap 695] d0=4128735 pm=1447 slots=879975 (8233s)
[cap 696] d0=4116296 pm=1613 slots=879975 (8243s)
[cap 697] d0=4115919 pm=2435 slots=879975 (8253s)
[cap 698] d0=4102964 pm=2549 slots=879975 (8263s)
[cap 699] d0=4086315 pm=3448 slots=879975 (8274s)
[cap 700] d0=4080825 pm=1472 slots=879975 (8284s)
[cap 701] d0=4122874 pm=1505 slots=879975 (8294s)
[cap 702] d0=4091822 pm=1712 slots=879975 (8304s)
[cap 703] d0=5572645 pm=2002 slots=336525 (8333s)
[cap 704] d0=4118839 pm=2288 slots=880000 (8382s)
[cap 705] d0=4080211 pm=1793 slots=880000 (8392s)
[cap 706] d0=4095368 pm=1852 slots=880000 (8402s)
[cap 707] d0=4099340 pm=1886 slots=880000 (8412s)
[cap 708] d0=4092822 pm=1853 slots=880000 (8423s)
[cap 709] d0=4102236 pm=1985 slots=880000 (8433s)
[cap 710] d0=4118533 pm=1931 slots=880000 (8443s)
[cap 711] d0=4096554 pm=1950 slots=880000 (8453s)
[cap 712] d0=4078276 pm=2064 slots=880000 (8463s)
[cap 713] d0=4094930 pm=1991 slots=880000 (8474s)
[cap 714] d0=4087621 pm=1911 slots=880000 (8484s)
[cap 715] d0=4124923 pm=2015 slots=880000 (8494s)
[cap 716] d0=4091549 pm=1914 slots=880000 (8505s)
[cap 717] d0=4095522 pm=2288 slots=880000 (8515s)
[cap 718] d0=4113281 pm=2174 slots=880000 (8525s)
[cap 719] d0=4123889 pm=2046 slots=880000 (8535s)
[cap 720] d0=4126267 pm=2203 slots=880000 (8545s)
[cap 721] d0=4104025 pm=1995 slots=880000 (8556s)
[cap 722] d0=4087958 pm=1753 slots=880000 (8566s)
[cap 723] d0=4113821 pm=1968 slots=880000 (8576s)
[cap 724] d0=4119534 pm=1747 slots=880000 (8586s)
[cap 725] d0=4091961 pm=1735 slots=880000 (8596s)
[cap 726] d0=4127314 pm=1880 slots=880000 (8607s)
[cap 727] d0=4104361 pm=1944 slots=880000 (8617s)
[cap 728] d0=4119297 pm=1897 slots=880000 (8627s)
[cap 729] d0=4117360 pm=2046 slots=880000 (8637s)
[cap 730] d0=4121488 pm=2210 slots=880000 (8648s)
[cap 731] d0=4123051 pm=2025 slots=880000 (8658s)
[cap 732] d0=4097340 pm=2024 slots=880000 (8668s)
[cap 733] d0=4088532 pm=2304 slots=880000 (8679s)
[cap 734] d0=4128320 pm=3034 slots=880000 (8689s)
[cap 735] d0=4076662 pm=2954 slots=880000 (8699s)
[cap 736] d0=4101593 pm=3483 slots=880000 (8709s)
[cap 737] d0=4103639 pm=3834 slots=880000 (8720s)
[cap 738] d0=4105810 pm=2667 slots=880000 (8730s)
[cap 739] d0=4081981 pm=2053 slots=880000 (8740s)
[cap 740] d0=4104051 pm=1792 slots=880000 (8750s)
[cap 741] d0=4081454 pm=1788 slots=880000 (8760s)
[cap 742] d0=4108355 pm=2102 slots=880000 (8771s)
[cap 743] d0=4091424 pm=1997 slots=880000 (8781s)
[cap 744] d0=4087282 pm=1906 slots=880000 (8791s)
[cap 745] d0=4138822 pm=2120 slots=880000 (8801s)
[cap 746] d0=4124074 pm=1956 slots=880000 (8811s)
[cap 747] d0=4092379 pm=1815 slots=880000 (8822s)
[cap 748] d0=4099417 pm=1917 slots=880000 (8832s)
[cap 749] d0=4116642 pm=1975 slots=880000 (8842s)
[cap 750] d0=4118369 pm=2003 slots=880000 (8852s)
[cap 751] d0=4118343 pm=2166 slots=880000 (8863s)
[cap 752] d0=4115348 pm=2633 slots=880000 (8873s)
[cap 753] d0=4126574 pm=2103 slots=880000 (8883s)
[cap 754] d0=4090028 pm=1719 slots=880000 (8893s)
[cap 755] d0=4112575 pm=2354 slots=880000 (8903s)
[cap 756] d0=4109163 pm=2137 slots=880000 (8914s)
[cap 757] d0=4092869 pm=1786 slots=880000 (8924s)
[cap 758] d0=4088487 pm=2108 slots=880000 (8934s)
[cap 759] d0=4087520 pm=2086 slots=880000 (8944s)
[cap 760] d0=4103837 pm=1864 slots=880000 (8955s)
[cap 761] d0=4131162 pm=2036 slots=880000 (8965s)
[cap 762] d0=1637240 pm=2355 slots=160000 (8975s)
[cap 763] d0=4103147 pm=2927 slots=880000 (9024s)
[cap 764] d0=4089917 pm=2429 slots=880000 (9034s)
[cap 765] d0=3624344 pm=3014 slots=288000 (9050s)
[cap 766] d0=2631406 pm=2601 slots=55040 (9056s)
[run twin] 90/300: running acc 100.00 (9056s)
[cap 767] d0=4119163 pm=1760 slots=879975 (9105s)
[cap 768] d0=4088849 pm=1314 slots=879975 (9115s)
[cap 769] d0=4105032 pm=1660 slots=879975 (9126s)
[cap 770] d0=4085710 pm=1720 slots=879975 (9136s)
[cap 771] d0=4106767 pm=2287 slots=879975 (9146s)
[cap 772] d0=4094200 pm=1856 slots=879975 (9156s)
[cap 773] d0=4092270 pm=1997 slots=879975 (9167s)
[cap 774] d0=4114364 pm=1716 slots=879975 (9177s)
[cap 775] d0=4104684 pm=2046 slots=879975 (9187s)
[cap 776] d0=4092204 pm=1591 slots=879975 (9197s)
[cap 777] d0=4106821 pm=1638 slots=879975 (9207s)
[cap 778] d0=4074755 pm=1488 slots=879975 (9218s)
[cap 779] d0=4099796 pm=1286 slots=879975 (9228s)
[cap 780] d0=4106077 pm=1483 slots=879975 (9238s)
[cap 781] d0=4092456 pm=1904 slots=879975 (9248s)
[cap 782] d0=4114480 pm=1297 slots=879975 (9259s)
[cap 783] d0=4104168 pm=1348 slots=879975 (9269s)
[cap 784] d0=4115755 pm=1472 slots=879975 (9279s)
[cap 785] d0=4076538 pm=1517 slots=879975 (9289s)
[cap 786] d0=4116887 pm=1827 slots=879975 (9300s)
[cap 787] d0=4098867 pm=1706 slots=879975 (9310s)
[cap 788] d0=3712143 pm=2082 slots=336525 (9339s)
[cap 789] d0=4125507 pm=2625 slots=880000 (9388s)
[cap 790] d0=4121386 pm=2077 slots=880000 (9398s)
[cap 791] d0=4121390 pm=1734 slots=880000 (9408s)
[cap 792] d0=4101932 pm=1933 slots=880000 (9418s)
[cap 793] d0=4102051 pm=1756 slots=880000 (9429s)
[cap 794] d0=4125923 pm=1803 slots=880000 (9439s)
[cap 795] d0=4110093 pm=1915 slots=880000 (9449s)
[cap 796] d0=4112555 pm=1911 slots=880000 (9459s)
[cap 797] d0=4122084 pm=1960 slots=880000 (9470s)
[cap 798] d0=4097979 pm=2015 slots=880000 (9480s)
[cap 799] d0=3932586 pm=2343 slots=880000 (9521s)
[cap 800] d0=4109928 pm=2432 slots=880000 (9563s)
[cap 801] d0=4134966 pm=1918 slots=880000 (9573s)
[cap 802] d0=4136544 pm=1877 slots=880000 (9583s)
[cap 803] d0=4107593 pm=1887 slots=880000 (9593s)
[cap 804] d0=4104638 pm=2063 slots=880000 (9604s)
[cap 805] d0=4106533 pm=2151 slots=880000 (9614s)
[cap 806] d0=4089590 pm=2061 slots=880000 (9624s)
[cap 807] d0=4109246 pm=2134 slots=880000 (9634s)
[cap 808] d0=4117872 pm=2062 slots=880000 (9644s)
[cap 809] d0=4121464 pm=1855 slots=880000 (9655s)
[cap 810] d0=4111690 pm=1808 slots=880000 (9665s)
[cap 811] d0=4106484 pm=2018 slots=880000 (9675s)
[cap 812] d0=4122564 pm=1895 slots=880000 (9685s)
[cap 813] d0=4087372 pm=1879 slots=880000 (9695s)
[cap 814] d0=4116618 pm=2194 slots=880000 (9706s)
[cap 815] d0=4119410 pm=2197 slots=880000 (9716s)
[cap 816] d0=4107892 pm=2005 slots=880000 (9726s)
[cap 817] d0=4106688 pm=1861 slots=880000 (9736s)
[cap 818] d0=4092023 pm=1765 slots=880000 (9746s)
[cap 819] d0=4089737 pm=2110 slots=880000 (9757s)
[cap 820] d0=4087945 pm=2119 slots=880000 (9767s)
[cap 821] d0=4124849 pm=2208 slots=880000 (9777s)
[cap 822] d0=4118143 pm=2095 slots=880000 (9787s)
[cap 823] d0=4089147 pm=1757 slots=880000 (9797s)
[cap 824] d0=4112634 pm=2083 slots=880000 (9808s)
[cap 825] d0=4108767 pm=1889 slots=880000 (9818s)
[cap 826] d0=4083613 pm=1714 slots=880000 (9828s)
[cap 827] d0=4100973 pm=2214 slots=880000 (9838s)
[cap 828] d0=4082460 pm=2199 slots=880000 (9848s)
[cap 829] d0=4084607 pm=1924 slots=880000 (9859s)
[cap 830] d0=4107016 pm=2130 slots=880000 (9869s)
[cap 831] d0=4096848 pm=1975 slots=880000 (9879s)
[cap 832] d0=4092458 pm=1840 slots=880000 (9889s)
[cap 833] d0=4124004 pm=1836 slots=880000 (9900s)
[cap 834] d0=4122904 pm=1952 slots=880000 (9910s)
[cap 835] d0=4078716 pm=2050 slots=880000 (9920s)
[cap 836] d0=4086738 pm=1813 slots=880000 (9930s)
[cap 837] d0=4087555 pm=1994 slots=880000 (9940s)
[cap 838] d0=4113245 pm=1806 slots=880000 (9951s)
[cap 839] d0=4099794 pm=1609 slots=880000 (9961s)
[cap 840] d0=4130781 pm=1983 slots=880000 (9971s)
[cap 841] d0=4110658 pm=2072 slots=880000 (9981s)
[cap 842] d0=4097503 pm=1841 slots=880000 (9991s)
[cap 843] d0=4100040 pm=1878 slots=880000 (10002s)
[cap 844] d0=4092558 pm=1854 slots=880000 (10012s)
[cap 845] d0=4132003 pm=1890 slots=880000 (10022s)
[cap 846] d0=4076144 pm=2008 slots=880000 (10032s)
[cap 847] d0=6738992 pm=2327 slots=160000 (10043s)
[cap 848] d0=4124795 pm=2923 slots=880000 (10091s)
[cap 849] d0=4120330 pm=2376 slots=880000 (10101s)
[cap 850] d0=3648686 pm=2491 slots=288000 (10118s)
[cap 851] d0=830053 pm=2656 slots=55040 (10124s)
[run twin] 100/300: running acc 100.00 (10124s)
[cap 852] d0=4127933 pm=1857 slots=879975 (10174s)
[cap 853] d0=4097322 pm=1516 slots=879975 (10184s)
[cap 854] d0=4090070 pm=1401 slots=879975 (10194s)
[cap 855] d0=4086218 pm=1344 slots=879975 (10205s)
[cap 856] d0=4137169 pm=1258 slots=879975 (10215s)
[cap 857] d0=4114114 pm=1269 slots=879975 (10225s)
[cap 858] d0=4090484 pm=1191 slots=879975 (10235s)
[cap 859] d0=4098387 pm=1530 slots=879975 (10245s)
[cap 860] d0=4132875 pm=1661 slots=879975 (10256s)
[cap 861] d0=4114188 pm=1958 slots=879975 (10266s)
[cap 862] d0=4123867 pm=3030 slots=879975 (10276s)
[cap 863] d0=4118945 pm=2148 slots=879975 (10286s)
[cap 864] d0=4093332 pm=1591 slots=879975 (10297s)
[cap 865] d0=4101895 pm=2199 slots=879975 (10307s)
[cap 866] d0=4115963 pm=1776 slots=879975 (10317s)
[cap 867] d0=4127424 pm=1618 slots=879975 (10327s)
[cap 868] d0=4105772 pm=1611 slots=879975 (10337s)
[cap 869] d0=4114137 pm=1478 slots=879975 (10348s)
[cap 870] d0=4128236 pm=1425 slots=879975 (10358s)
[cap 871] d0=4136791 pm=1582 slots=879975 (10368s)
[cap 872] d0=4100907 pm=1789 slots=879975 (10378s)
[cap 873] d0=4932959 pm=1997 slots=336525 (10408s)
[cap 874] d0=4106842 pm=2548 slots=880000 (10456s)
[cap 875] d0=4119980 pm=1993 slots=880000 (10467s)
[cap 876] d0=4119727 pm=1867 slots=880000 (10477s)
[cap 877] d0=4105542 pm=1848 slots=880000 (10487s)
[cap 878] d0=4108120 pm=1854 slots=880000 (10497s)
[cap 879] d0=4134323 pm=1918 slots=880000 (10507s)
[cap 880] d0=4087646 pm=1963 slots=880000 (10518s)
[cap 881] d0=4098703 pm=2473 slots=880000 (10528s)
[cap 882] d0=4087306 pm=2403 slots=880000 (10538s)
[cap 883] d0=4096313 pm=2461 slots=880000 (10548s)
[cap 884] d0=4128195 pm=2168 slots=880000 (10558s)
[cap 885] d0=4079242 pm=2119 slots=880000 (10569s)
[cap 886] d0=4090191 pm=1851 slots=880000 (10579s)
[cap 887] d0=4135958 pm=1673 slots=880000 (10589s)
[cap 888] d0=4113372 pm=1852 slots=880000 (10599s)
[cap 889] d0=4129334 pm=2012 slots=880000 (10609s)
[cap 890] d0=4086611 pm=2231 slots=880000 (10620s)
[cap 891] d0=4091820 pm=2522 slots=880000 (10630s)
[cap 892] d0=4103668 pm=2177 slots=880000 (10640s)
[cap 893] d0=4123816 pm=1938 slots=880000 (10650s)
[cap 894] d0=4104579 pm=2095 slots=880000 (10660s)
[cap 895] d0=4097201 pm=2188 slots=880000 (10671s)
[cap 896] d0=4121996 pm=2009 slots=880000 (10681s)
[cap 897] d0=4133756 pm=1932 slots=880000 (10691s)
[cap 898] d0=4080272 pm=1976 slots=880000 (10701s)
[cap 899] d0=4109384 pm=1926 slots=880000 (10711s)
[cap 900] d0=4115342 pm=1896 slots=880000 (10722s)
[cap 901] d0=4096969 pm=1801 slots=880000 (10732s)
[cap 902] d0=4135727 pm=1666 slots=880000 (10742s)
[cap 903] d0=4131643 pm=1952 slots=880000 (10752s)
[cap 904] d0=4106270 pm=1989 slots=880000 (10762s)
[cap 905] d0=4132595 pm=2099 slots=880000 (10773s)
[cap 906] d0=4110016 pm=2002 slots=880000 (10783s)
[cap 907] d0=4118740 pm=2381 slots=880000 (10793s)
[cap 908] d0=4103711 pm=1884 slots=880000 (10803s)
[cap 909] d0=4103553 pm=1984 slots=880000 (10814s)
[cap 910] d0=4081106 pm=2098 slots=880000 (10824s)
[cap 911] d0=4088972 pm=2288 slots=880000 (10834s)
[cap 912] d0=4086585 pm=2178 slots=880000 (10844s)
[cap 913] d0=4121229 pm=1859 slots=880000 (10855s)
[cap 914] d0=4105552 pm=1910 slots=880000 (10865s)
[cap 915] d0=4107151 pm=2038 slots=880000 (10875s)
[cap 916] d0=4111723 pm=2393 slots=880000 (10885s)
[cap 917] d0=4122738 pm=2595 slots=880000 (10895s)
[cap 918] d0=4087886 pm=2569 slots=880000 (10906s)
[cap 919] d0=4117623 pm=2185 slots=880000 (10916s)
[cap 920] d0=4095807 pm=2199 slots=880000 (10926s)
[cap 921] d0=4083417 pm=1797 slots=880000 (10936s)
[cap 922] d0=4111257 pm=1733 slots=880000 (10946s)
[cap 923] d0=4123967 pm=1948 slots=880000 (10957s)
[cap 924] d0=4079137 pm=1779 slots=880000 (10967s)
[cap 925] d0=4129681 pm=1903 slots=880000 (10977s)
[cap 926] d0=4093830 pm=1767 slots=880000 (10987s)
[cap 927] d0=4085328 pm=1735 slots=880000 (10998s)
[cap 928] d0=4101808 pm=2031 slots=880000 (11008s)
[cap 929] d0=4089833 pm=2094 slots=880000 (11018s)
[cap 930] d0=4093407 pm=1862 slots=880000 (11028s)
[cap 931] d0=4123155 pm=1985 slots=880000 (11038s)
[cap 932] d0=1628498 pm=2337 slots=160000 (11048s)
[cap 933] d0=4115068 pm=3543 slots=880000 (11097s)
[cap 934] d0=4114017 pm=2553 slots=880000 (11107s)
[cap 935] d0=3607853 pm=3041 slots=288000 (11123s)
[cap 936] d0=812067 pm=2531 slots=55040 (11129s)
[run twin] 110/300: running acc 100.00 (11129s)
[cap 937] d0=4104002 pm=1779 slots=879975 (11178s)
[cap 938] d0=4126352 pm=1428 slots=879975 (11188s)
[cap 939] d0=4103338 pm=1402 slots=879975 (11198s)
[cap 940] d0=4078689 pm=1440 slots=879975 (11208s)
[cap 941] d0=4108427 pm=1433 slots=879975 (11219s)
[cap 942] d0=4083446 pm=1500 slots=879975 (11229s)
[cap 943] d0=4112248 pm=1318 slots=879975 (11239s)
[cap 944] d0=4125095 pm=1429 slots=879975 (11249s)
[cap 945] d0=4100358 pm=1558 slots=879975 (11260s)
[cap 946] d0=4123886 pm=2660 slots=879975 (11270s)
[cap 947] d0=4084585 pm=2869 slots=879975 (11280s)
[cap 948] d0=4113981 pm=1456 slots=879975 (11290s)
[cap 949] d0=4083273 pm=1354 slots=879975 (11300s)
[cap 950] d0=4099881 pm=1462 slots=879975 (11311s)
[cap 951] d0=4095805 pm=1362 slots=879975 (11321s)
[cap 952] d0=4087024 pm=1381 slots=879975 (11331s)
[cap 953] d0=4090315 pm=1878 slots=879975 (11341s)
[cap 954] d0=4107214 pm=1489 slots=879975 (11351s)
[cap 955] d0=4128234 pm=1622 slots=879975 (11362s)
[cap 956] d0=4109392 pm=1722 slots=879975 (11372s)
[cap 957] d0=4104434 pm=1697 slots=879975 (11382s)
[cap 958] d0=1293613 pm=1971 slots=336525 (11411s)
[cap 959] d0=4128165 pm=2443 slots=880000 (11460s)
[cap 960] d0=4097586 pm=1814 slots=880000 (11470s)
[cap 961] d0=4123495 pm=2150 slots=880000 (11480s)
[cap 962] d0=4115182 pm=2118 slots=880000 (11490s)
[cap 963] d0=4092562 pm=2131 slots=880000 (11501s)
[cap 964] d0=4125273 pm=1924 slots=880000 (11511s)
[cap 965] d0=4122015 pm=1945 slots=880000 (11521s)
[cap 966] d0=4099841 pm=1961 slots=880000 (11531s)
[cap 967] d0=4105288 pm=1951 slots=880000 (11541s)
[cap 968] d0=4087658 pm=1995 slots=880000 (11552s)
[cap 969] d0=4104949 pm=1999 slots=880000 (11562s)
[cap 970] d0=4111914 pm=1636 slots=880000 (11572s)
[cap 971] d0=4087761 pm=1648 slots=880000 (11582s)
[cap 972] d0=4128513 pm=2118 slots=880000 (11593s)
[cap 973] d0=4084286 pm=2195 slots=880000 (11603s)
[cap 974] d0=4122053 pm=1715 slots=880000 (11613s)
[cap 975] d0=4119732 pm=1914 slots=880000 (11623s)
[cap 976] d0=4114398 pm=1885 slots=880000 (11633s)
[cap 977] d0=4096311 pm=1770 slots=880000 (11644s)
[cap 978] d0=4114100 pm=1781 slots=880000 (11654s)
[cap 979] d0=4086545 pm=1766 slots=880000 (11664s)
[cap 980] d0=4115515 pm=1833 slots=880000 (11674s)
[cap 981] d0=4125705 pm=2032 slots=880000 (11684s)
[cap 982] d0=4107570 pm=2021 slots=880000 (11695s)
[cap 983] d0=4097714 pm=1991 slots=880000 (11705s)
[cap 984] d0=4119071 pm=2081 slots=880000 (11715s)
[cap 985] d0=4097482 pm=1990 slots=880000 (11725s)
[cap 986] d0=4102888 pm=1968 slots=880000 (11736s)
[cap 987] d0=4117895 pm=1780 slots=880000 (11746s)
[cap 988] d0=4097244 pm=1912 slots=880000 (11756s)
[cap 989] d0=4089605 pm=2134 slots=880000 (11766s)
[cap 990] d0=4107451 pm=1975 slots=880000 (11777s)
[cap 991] d0=4127926 pm=2061 slots=880000 (11787s)
[cap 992] d0=4119805 pm=2039 slots=880000 (11797s)
[cap 993] d0=4123586 pm=1868 slots=880000 (11807s)
[cap 994] d0=4105310 pm=1983 slots=880000 (11817s)
[cap 995] d0=4091669 pm=2230 slots=880000 (11828s)
[cap 996] d0=4097201 pm=2489 slots=880000 (11838s)
[cap 997] d0=4085888 pm=2270 slots=880000 (11848s)
[cap 998] d0=4087611 pm=1974 slots=880000 (11858s)
[cap 999] d0=4107843 pm=2034 slots=880000 (11868s)
[cap 1000] d0=4079528 pm=2024 slots=880000 (11879s)
[cap 1001] d0=4095729 pm=2121 slots=880000 (11889s)
[cap 1002] d0=4083677 pm=1928 slots=880000 (11899s)
[cap 1003] d0=4104871 pm=1839 slots=880000 (11909s)
[cap 1004] d0=4130002 pm=2270 slots=880000 (11920s)
[cap 1005] d0=4106336 pm=2270 slots=880000 (11930s)
[cap 1006] d0=4090759 pm=1951 slots=880000 (11940s)
[cap 1007] d0=4083208 pm=2004 slots=880000 (11950s)
[cap 1008] d0=4105897 pm=1859 slots=880000 (11960s)
[cap 1009] d0=4123217 pm=1870 slots=880000 (11971s)
[cap 1010] d0=4105928 pm=2033 slots=880000 (11981s)
[cap 1011] d0=4103400 pm=1843 slots=880000 (11991s)
[cap 1012] d0=4132341 pm=1785 slots=880000 (12001s)
[cap 1013] d0=4097217 pm=1940 slots=880000 (12012s)
[cap 1014] d0=4123812 pm=1797 slots=880000 (12022s)
[cap 1015] d0=4091843 pm=1883 slots=880000 (12032s)
[cap 1016] d0=4087236 pm=1975 slots=880000 (12042s)
[cap 1017] d0=1633436 pm=2304 slots=160000 (12052s)
[cap 1018] d0=4126899 pm=3382 slots=880000 (12101s)
[cap 1019] d0=4128050 pm=2596 slots=880000 (12111s)
[cap 1020] d0=3615835 pm=3044 slots=288000 (12128s)
[cap 1021] d0=824362 pm=2559 slots=55040 (12134s)
[run twin] 120/300: running acc 100.00 (12134s)
[cap 1022] d0=4106514 pm=2188 slots=879975 (12183s)
[cap 1023] d0=4101118 pm=1770 slots=879975 (12193s)
[cap 1024] d0=4093891 pm=1727 slots=879975 (12203s)
[cap 1025] d0=4088273 pm=1553 slots=879975 (12213s)
[cap 1026] d0=4107070 pm=1522 slots=879975 (12224s)
[cap 1027] d0=4105339 pm=1302 slots=879975 (12234s)
[cap 1028] d0=4130526 pm=1205 slots=879975 (12244s)
[cap 1029] d0=4084184 pm=1354 slots=879975 (12254s)
[cap 1030] d0=4098453 pm=1361 slots=879975 (12265s)
[cap 1031] d0=4127769 pm=1456 slots=879975 (12275s)
[cap 1032] d0=4115373 pm=1837 slots=879975 (12285s)
[cap 1033] d0=4127149 pm=2074 slots=879975 (12295s)
[cap 1034] d0=4099971 pm=1569 slots=879975 (12305s)
[cap 1035] d0=4104092 pm=1426 slots=879975 (12315s)
[cap 1036] d0=4091959 pm=1628 slots=879975 (12326s)
[cap 1037] d0=4074983 pm=1539 slots=879975 (12336s)
[cap 1038] d0=4133900 pm=1666 slots=879975 (12346s)
[cap 1039] d0=4111394 pm=1490 slots=879975 (12356s)
[cap 1040] d0=4123994 pm=1690 slots=879975 (12367s)
[cap 1041] d0=4115623 pm=1630 slots=879975 (12377s)
[cap 1042] d0=4119766 pm=1823 slots=879975 (12387s)
[cap 1043] d0=6093327 pm=2094 slots=336525 (12416s)
[cap 1044] d0=4109933 pm=2409 slots=880000 (12464s)
[cap 1045] d0=4099806 pm=1996 slots=880000 (12475s)
[cap 1046] d0=4119113 pm=1944 slots=880000 (12485s)
[cap 1047] d0=4097784 pm=1841 slots=880000 (12495s)
[cap 1048] d0=4103865 pm=1906 slots=880000 (12505s)
[cap 1049] d0=4085726 pm=1810 slots=880000 (12516s)
[cap 1050] d0=4112534 pm=2094 slots=880000 (12526s)
[cap 1051] d0=4112100 pm=2065 slots=880000 (12536s)
[cap 1052] d0=4087100 pm=1984 slots=880000 (12546s)
[cap 1053] d0=4088792 pm=2209 slots=880000 (12557s)
[cap 1054] d0=4092990 pm=2170 slots=880000 (12567s)
[cap 1055] d0=4090547 pm=1977 slots=880000 (12577s)
[cap 1056] d0=4105619 pm=1744 slots=880000 (12587s)
[cap 1057] d0=4113803 pm=1735 slots=880000 (12598s)
[cap 1058] d0=4127179 pm=1976 slots=880000 (12608s)
[cap 1059] d0=4132357 pm=2003 slots=880000 (12618s)
[cap 1060] d0=4080740 pm=2323 slots=880000 (12628s)
[cap 1061] d0=4105197 pm=2106 slots=880000 (12639s)
[cap 1062] d0=4089891 pm=2041 slots=880000 (12649s)
[cap 1063] d0=4115254 pm=2487 slots=880000 (12659s)
[cap 1064] d0=4126096 pm=2034 slots=880000 (12669s)
[cap 1065] d0=4086233 pm=1787 slots=880000 (12680s)
[cap 1066] d0=4104556 pm=2090 slots=880000 (12690s)
[cap 1067] d0=4137801 pm=1849 slots=880000 (12700s)
[cap 1068] d0=4118242 pm=1828 slots=880000 (12710s)
[cap 1069] d0=4119332 pm=1958 slots=880000 (12720s)
[cap 1070] d0=4084500 pm=1981 slots=880000 (12731s)
[cap 1071] d0=4101749 pm=1771 slots=880000 (12741s)
[cap 1072] d0=4137669 pm=1725 slots=880000 (12751s)
[cap 1073] d0=4118507 pm=2119 slots=880000 (12761s)
[cap 1074] d0=4091100 pm=2245 slots=880000 (12772s)
[cap 1075] d0=4085028 pm=1871 slots=880000 (12782s)
[cap 1076] d0=4100458 pm=2024 slots=880000 (12792s)
[cap 1077] d0=4093213 pm=2116 slots=880000 (12802s)
[cap 1078] d0=4132047 pm=2333 slots=880000 (12812s)
[cap 1079] d0=4098579 pm=2135 slots=880000 (12823s)
[cap 1080] d0=4120041 pm=2220 slots=880000 (12833s)
[cap 1081] d0=4097027 pm=2059 slots=880000 (12843s)
[cap 1082] d0=4098392 pm=2096 slots=880000 (12853s)
[cap 1083] d0=4082221 pm=2038 slots=880000 (12864s)
[cap 1084] d0=4119352 pm=2026 slots=880000 (12874s)
[cap 1085] d0=4114732 pm=1955 slots=880000 (12884s)
[cap 1086] d0=4128598 pm=2539 slots=880000 (12894s)
[cap 1087] d0=4110189 pm=2325 slots=880000 (12904s)
[cap 1088] d0=4131257 pm=1864 slots=880000 (12915s)
[cap 1089] d0=4127711 pm=2022 slots=880000 (12925s)
[cap 1090] d0=4111531 pm=2174 slots=880000 (12935s)
[cap 1091] d0=4111123 pm=1880 slots=880000 (12945s)
[cap 1092] d0=4082460 pm=1930 slots=880000 (12955s)
[cap 1093] d0=4085089 pm=1898 slots=880000 (12966s)
[cap 1094] d0=4090461 pm=1845 slots=880000 (12976s)
[cap 1095] d0=4078702 pm=1900 slots=880000 (12986s)
[cap 1096] d0=4110628 pm=2690 slots=880000 (12996s)
[cap 1097] d0=4090178 pm=2501 slots=880000 (13006s)
[cap 1098] d0=4129493 pm=1765 slots=880000 (13017s)
[cap 1099] d0=4118586 pm=1788 slots=880000 (13027s)
[cap 1100] d0=4112535 pm=1794 slots=880000 (13037s)
[cap 1101] d0=4091551 pm=1860 slots=880000 (13047s)
[cap 1102] d0=6781283 pm=2266 slots=160000 (13058s)
[cap 1103] d0=4089147 pm=3232 slots=880000 (13106s)
[cap 1104] d0=4084641 pm=2378 slots=880000 (13116s)
[cap 1105] d0=3603422 pm=3500 slots=288000 (13133s)
[cap 1106] d0=851722 pm=2559 slots=55040 (13140s)
[run twin] 130/300: running acc 100.00 (13140s)
[cap 1107] d0=4089907 pm=2156 slots=879975 (13190s)
[cap 1108] d0=4087088 pm=1553 slots=879975 (13200s)
[cap 1109] d0=4123289 pm=1319 slots=879975 (13210s)
[cap 1110] d0=4111852 pm=1293 slots=879975 (13220s)
[cap 1111] d0=4121435 pm=1243 slots=879975 (13231s)
[cap 1112] d0=4114850 pm=1277 slots=879975 (13241s)
[cap 1113] d0=4126600 pm=1227 slots=879975 (13251s)
[cap 1114] d0=4102711 pm=1390 slots=879975 (13262s)
[cap 1115] d0=4080887 pm=1412 slots=879975 (13272s)
[cap 1116] d0=4102467 pm=1715 slots=879975 (13282s)
[cap 1117] d0=4122194 pm=2124 slots=879975 (13292s)
[cap 1118] d0=4126586 pm=1737 slots=879975 (13302s)
[cap 1119] d0=4094619 pm=1441 slots=879975 (13313s)
[cap 1120] d0=4094196 pm=1774 slots=879975 (13323s)
[cap 1121] d0=4091003 pm=1749 slots=879975 (13333s)
[cap 1122] d0=4098528 pm=1599 slots=879975 (13343s)
[cap 1123] d0=4098340 pm=1509 slots=879975 (13353s)
[cap 1124] d0=4106807 pm=1470 slots=879975 (13364s)
[cap 1125] d0=4094277 pm=1454 slots=879975 (13374s)
[cap 1126] d0=4127009 pm=2073 slots=879975 (13384s)
[cap 1127] d0=4103193 pm=2157 slots=879975 (13394s)
[cap 1128] d0=6084167 pm=2030 slots=336525 (13424s)
[cap 1129] d0=4085840 pm=2532 slots=880000 (13472s)
[cap 1130] d0=4121132 pm=2056 slots=880000 (13483s)
[cap 1131] d0=4099697 pm=1782 slots=880000 (13493s)
[cap 1132] d0=4117280 pm=2090 slots=880000 (13503s)
[cap 1133] d0=4083578 pm=2026 slots=880000 (13513s)
[cap 1134] d0=4095073 pm=2020 slots=880000 (13523s)
[cap 1135] d0=4098161 pm=2132 slots=880000 (13534s)
[cap 1136] d0=4111929 pm=1987 slots=880000 (13544s)
[cap 1137] d0=4113659 pm=2107 slots=880000 (13554s)
[cap 1138] d0=4129547 pm=2427 slots=880000 (13564s)
[cap 1139] d0=4114403 pm=2085 slots=880000 (13575s)
[cap 1140] d0=4126271 pm=1894 slots=880000 (13585s)
[cap 1141] d0=4107018 pm=1975 slots=880000 (13595s)
[cap 1142] d0=4091779 pm=1755 slots=880000 (13605s)
[cap 1143] d0=4117741 pm=1962 slots=880000 (13615s)
[cap 1144] d0=4085398 pm=2039 slots=880000 (13626s)
[cap 1145] d0=4085094 pm=2254 slots=880000 (13636s)
[cap 1146] d0=4102560 pm=2158 slots=880000 (13646s)
[cap 1147] d0=4103926 pm=2123 slots=880000 (13656s)
[cap 1148] d0=4093988 pm=2315 slots=880000 (13667s)
[cap 1149] d0=4095165 pm=1976 slots=880000 (13677s)
[cap 1150] d0=4121035 pm=1760 slots=880000 (13687s)
[cap 1151] d0=4097257 pm=2089 slots=880000 (13697s)
[cap 1152] d0=4086436 pm=2008 slots=880000 (13708s)
[cap 1153] d0=4086726 pm=1880 slots=880000 (13718s)
[cap 1154] d0=4118546 pm=2415 slots=880000 (13728s)
[cap 1155] d0=4093959 pm=2291 slots=880000 (13738s)
[cap 1156] d0=4097517 pm=1841 slots=880000 (13748s)
[cap 1157] d0=4111594 pm=1703 slots=880000 (13759s)
[cap 1158] d0=4096472 pm=1887 slots=880000 (13769s)
[cap 1159] d0=4127382 pm=2051 slots=880000 (13779s)
[cap 1160] d0=4105120 pm=1959 slots=880000 (13789s)
[cap 1161] d0=4089812 pm=2147 slots=880000 (13799s)
[cap 1162] d0=4127242 pm=2391 slots=880000 (13809s)
[cap 1163] d0=4133310 pm=2054 slots=880000 (13820s)
[cap 1164] d0=4091693 pm=1858 slots=880000 (13830s)
[cap 1165] d0=4116240 pm=1805 slots=880000 (13840s)
[cap 1166] d0=4129459 pm=1736 slots=880000 (13850s)
[cap 1167] d0=4107979 pm=1876 slots=880000 (13860s)
[cap 1168] d0=4103976 pm=1846 slots=880000 (13871s)
[cap 1169] d0=4100757 pm=1978 slots=880000 (13881s)
[cap 1170] d0=4136346 pm=2071 slots=880000 (13891s)
[cap 1171] d0=4093595 pm=1889 slots=880000 (13901s)
[cap 1172] d0=4093145 pm=2140 slots=880000 (13911s)
[cap 1173] d0=4129181 pm=1972 slots=880000 (13922s)
[cap 1174] d0=4102247 pm=2098 slots=880000 (13932s)
[cap 1175] d0=4081514 pm=2052 slots=880000 (13942s)
[cap 1176] d0=4085958 pm=2176 slots=880000 (13952s)
[cap 1177] d0=4106342 pm=2354 slots=880000 (13963s)
[cap 1178] d0=4103899 pm=2045 slots=880000 (13973s)
[cap 1179] d0=4133009 pm=2296 slots=880000 (13983s)
[cap 1180] d0=4126434 pm=2374 slots=880000 (13993s)
[cap 1181] d0=4092410 pm=2170 slots=880000 (14004s)
[cap 1182] d0=4101526 pm=1859 slots=880000 (14014s)
[cap 1183] d0=4129314 pm=1834 slots=880000 (14024s)
[cap 1184] d0=4113194 pm=1772 slots=880000 (14034s)
[cap 1185] d0=4106050 pm=1800 slots=880000 (14044s)
[cap 1186] d0=4138229 pm=2159 slots=880000 (14055s)
[cap 1187] d0=6741751 pm=2457 slots=160000 (14065s)
[cap 1188] d0=4101125 pm=3221 slots=880000 (14114s)
[cap 1189] d0=4105382 pm=2455 slots=880000 (14124s)
[cap 1190] d0=3634190 pm=2902 slots=288000 (14140s)
[cap 1191] d0=823650 pm=2495 slots=55040 (14146s)
[run twin] 140/300: running acc 100.00 (14146s)
[cap 1192] d0=4080765 pm=1953 slots=879975 (14194s)
[cap 1193] d0=4088987 pm=1543 slots=879975 (14205s)
[cap 1194] d0=4093201 pm=1340 slots=879975 (14215s)
[cap 1195] d0=4090882 pm=1399 slots=879975 (14225s)
[cap 1196] d0=4097167 pm=1333 slots=879975 (14235s)
[cap 1197] d0=4100702 pm=1243 slots=879975 (14245s)
[cap 1198] d0=4099658 pm=1290 slots=879975 (14256s)
[cap 1199] d0=4097678 pm=1387 slots=879975 (14266s)
[cap 1200] d0=4101360 pm=1363 slots=879975 (14276s)
[cap 1201] d0=4102556 pm=1579 slots=879975 (14286s)
[cap 1202] d0=4097800 pm=2414 slots=879975 (14297s)
[cap 1203] d0=4110317 pm=1982 slots=879975 (14307s)
[cap 1204] d0=4108262 pm=1437 slots=879975 (14317s)
[cap 1205] d0=4113087 pm=1325 slots=879975 (14327s)
[cap 1206] d0=4101282 pm=1417 slots=879975 (14338s)
[cap 1207] d0=4110979 pm=2076 slots=879975 (14348s)
[cap 1208] d0=4093825 pm=2374 slots=879975 (14358s)
[cap 1209] d0=4103589 pm=1622 slots=879975 (14368s)
[cap 1210] d0=4117921 pm=1603 slots=879975 (14379s)
[cap 1211] d0=4116584 pm=1768 slots=879975 (14389s)
[cap 1212] d0=4093268 pm=1432 slots=879975 (14399s)
[cap 1213] d0=7622762 pm=3236 slots=336525 (14428s)
[cap 1214] d0=4125859 pm=2254 slots=880000 (14477s)
[cap 1215] d0=4108924 pm=1744 slots=880000 (14487s)
[cap 1216] d0=4127630 pm=1843 slots=880000 (14498s)
[cap 1217] d0=4100431 pm=1807 slots=880000 (14508s)
[cap 1218] d0=4096622 pm=1875 slots=880000 (14518s)
[cap 1219] d0=4107658 pm=1945 slots=880000 (14528s)
[cap 1220] d0=4132114 pm=1931 slots=880000 (14538s)
[cap 1221] d0=4105477 pm=1962 slots=880000 (14549s)
[cap 1222] d0=4134978 pm=2199 slots=880000 (14559s)
[cap 1223] d0=4107774 pm=2239 slots=880000 (14569s)
[cap 1224] d0=4079973 pm=1901 slots=880000 (14579s)
[cap 1225] d0=4101924 pm=2102 slots=880000 (14590s)
[cap 1226] d0=4087330 pm=1995 slots=880000 (14600s)
[cap 1227] d0=4087472 pm=1806 slots=880000 (14610s)
[cap 1228] d0=4121475 pm=2019 slots=880000 (14620s)
[cap 1229] d0=4105102 pm=1978 slots=880000 (14631s)
[cap 1230] d0=4097646 pm=2258 slots=880000 (14641s)
[cap 1231] d0=4118974 pm=2167 slots=880000 (14651s)
[cap 1232] d0=4105323 pm=1905 slots=880000 (14661s)
[cap 1233] d0=4137407 pm=2023 slots=880000 (14671s)
[cap 1234] d0=4111217 pm=1936 slots=880000 (14682s)
[cap 1235] d0=4104624 pm=1885 slots=880000 (14692s)
[cap 1236] d0=4108781 pm=2119 slots=880000 (14702s)
[cap 1237] d0=3897453 pm=2650 slots=880000 (14744s)
[cap 1238] d0=4122467 pm=2979 slots=880000 (14785s)
[cap 1239] d0=4088093 pm=1943 slots=880000 (14795s)
[cap 1240] d0=4115857 pm=2910 slots=880000 (14805s)
[cap 1241] d0=4103279 pm=2406 slots=880000 (14816s)
[cap 1242] d0=4103800 pm=1936 slots=880000 (14826s)
[cap 1243] d0=4119236 pm=1875 slots=880000 (14836s)
[cap 1244] d0=4096573 pm=1946 slots=880000 (14846s)
[cap 1245] d0=4118808 pm=1723 slots=880000 (14857s)
[cap 1246] d0=4094389 pm=2103 slots=880000 (14867s)
[cap 1247] d0=4102348 pm=2027 slots=880000 (14877s)
[cap 1248] d0=4088697 pm=1976 slots=880000 (14887s)
[cap 1249] d0=4103240 pm=2047 slots=880000 (14897s)
[cap 1250] d0=4087561 pm=1890 slots=880000 (14908s)
[cap 1251] d0=4123204 pm=1955 slots=880000 (14918s)
[cap 1252] d0=4085299 pm=2248 slots=880000 (14928s)
[cap 1253] d0=4120262 pm=1929 slots=880000 (14938s)
[cap 1254] d0=4121926 pm=2076 slots=880000 (14949s)
[cap 1255] d0=4130670 pm=2042 slots=880000 (14959s)
[cap 1256] d0=4081523 pm=1802 slots=880000 (14969s)
[cap 1257] d0=4125639 pm=2087 slots=880000 (14979s)
[cap 1258] d0=4127794 pm=2036 slots=880000 (14989s)
[cap 1259] d0=4127174 pm=1926 slots=880000 (15000s)
[cap 1260] d0=4102813 pm=1837 slots=880000 (15010s)
[cap 1261] d0=4119529 pm=1965 slots=880000 (15020s)
[cap 1262] d0=4089628 pm=2177 slots=880000 (15030s)
[cap 1263] d0=4129859 pm=2082 slots=880000 (15040s)
[cap 1264] d0=4095743 pm=1811 slots=880000 (15051s)
[cap 1265] d0=4109086 pm=2173 slots=880000 (15061s)
[cap 1266] d0=4108852 pm=2010 slots=880000 (15071s)
[cap 1267] d0=4099142 pm=1826 slots=880000 (15081s)
[cap 1268] d0=4111985 pm=2544 slots=880000 (15091s)
[cap 1269] d0=4097022 pm=2689 slots=880000 (15102s)
[cap 1270] d0=4089786 pm=2029 slots=880000 (15112s)
[cap 1271] d0=4105668 pm=2248 slots=880000 (15122s)
[cap 1272] d0=6774881 pm=2590 slots=160000 (15132s)
[cap 1273] d0=4122173 pm=2937 slots=880000 (15180s)
[cap 1274] d0=4107540 pm=2487 slots=880000 (15190s)
[cap 1275] d0=3645372 pm=2891 slots=288000 (15207s)
[cap 1276] d0=2605688 pm=2576 slots=55040 (15213s)
[run twin] 150/300: running acc 100.00 (15213s)
[cap 1277] d0=4105121 pm=1848 slots=879975 (15261s)
[cap 1278] d0=4089258 pm=1388 slots=879975 (15271s)
[cap 1279] d0=4096280 pm=1563 slots=879975 (15281s)
[cap 1280] d0=4118167 pm=1343 slots=879975 (15292s)
[cap 1281] d0=4112798 pm=1244 slots=879975 (15302s)
[cap 1282] d0=4107843 pm=1393 slots=879975 (15312s)
[cap 1283] d0=4079846 pm=1534 slots=879975 (15323s)
[cap 1284] d0=4085192 pm=1424 slots=879975 (15333s)
[cap 1285] d0=4104061 pm=1316 slots=879975 (15343s)
[cap 1286] d0=4124549 pm=1631 slots=879975 (15353s)
[cap 1287] d0=4127239 pm=1780 slots=879975 (15363s)
[cap 1288] d0=4122004 pm=1667 slots=879975 (15374s)
[cap 1289] d0=4101008 pm=1514 slots=879975 (15384s)
[cap 1290] d0=4091816 pm=1488 slots=879975 (15394s)
[cap 1291] d0=4122447 pm=1782 slots=879975 (15404s)
[cap 1292] d0=4105156 pm=1727 slots=879975 (15414s)
[cap 1293] d0=4126785 pm=1611 slots=879975 (15425s)
[cap 1294] d0=4098747 pm=1537 slots=879975 (15435s)
[cap 1295] d0=4089374 pm=1534 slots=879975 (15445s)
[cap 1296] d0=4101587 pm=1528 slots=879975 (15455s)
[cap 1297] d0=4096338 pm=1815 slots=879975 (15466s)
[cap 1298] d0=5324956 pm=2149 slots=336525 (15495s)
[cap 1299] d0=4089351 pm=2401 slots=880000 (15544s)
[cap 1300] d0=4096843 pm=1861 slots=880000 (15554s)
[cap 1301] d0=4080059 pm=1677 slots=880000 (15564s)
[cap 1302] d0=4117889 pm=1846 slots=880000 (15574s)
[cap 1303] d0=4114722 pm=1841 slots=880000 (15585s)
[cap 1304] d0=4092202 pm=1835 slots=880000 (15595s)
[cap 1305] d0=4093276 pm=2043 slots=880000 (15605s)
[cap 1306] d0=4089838 pm=2058 slots=880000 (15615s)
[cap 1307] d0=4103053 pm=1869 slots=880000 (15626s)
[cap 1308] d0=4084286 pm=1878 slots=880000 (15636s)
[cap 1309] d0=4104188 pm=2039 slots=880000 (15646s)
[cap 1310] d0=4090206 pm=1971 slots=880000 (15656s)
[cap 1311] d0=4125428 pm=1731 slots=880000 (15667s)
[cap 1312] d0=4124630 pm=1891 slots=880000 (15677s)
[cap 1313] d0=4131496 pm=2142 slots=880000 (15687s)
[cap 1314] d0=4087317 pm=2106 slots=880000 (15697s)
[cap 1315] d0=4098599 pm=2083 slots=880000 (15707s)
[cap 1316] d0=4103759 pm=2043 slots=880000 (15718s)
[cap 1317] d0=4089695 pm=1907 slots=880000 (15728s)
[cap 1318] d0=4100597 pm=2478 slots=880000 (15738s)
[cap 1319] d0=4116281 pm=1952 slots=880000 (15748s)
[cap 1320] d0=4115451 pm=2011 slots=880000 (15759s)
[cap 1321] d0=4130085 pm=2692 slots=880000 (15769s)
[cap 1322] d0=4118514 pm=2406 slots=880000 (15779s)
[cap 1323] d0=4120626 pm=1955 slots=880000 (15789s)
[cap 1324] d0=4114578 pm=2321 slots=880000 (15799s)
[cap 1325] d0=4105432 pm=2342 slots=880000 (15810s)
[cap 1326] d0=4121972 pm=2041 slots=880000 (15820s)
[cap 1327] d0=4130933 pm=1885 slots=880000 (15830s)
[cap 1328] d0=4079572 pm=2106 slots=880000 (15840s)
[cap 1329] d0=4116156 pm=1782 slots=880000 (15850s)
[cap 1330] d0=4106303 pm=1756 slots=880000 (15861s)
[cap 1331] d0=4090850 pm=1944 slots=880000 (15871s)
[cap 1332] d0=4100653 pm=1845 slots=880000 (15881s)
[cap 1333] d0=4118608 pm=2094 slots=880000 (15891s)
[cap 1334] d0=4087582 pm=2134 slots=880000 (15901s)
[cap 1335] d0=4130249 pm=1844 slots=880000 (15912s)
[cap 1336] d0=4094803 pm=1798 slots=880000 (15922s)
[cap 1337] d0=4109964 pm=2001 slots=880000 (15932s)
[cap 1338] d0=4090714 pm=2014 slots=880000 (15942s)
[cap 1339] d0=4091062 pm=1843 slots=880000 (15953s)
[cap 1340] d0=4136205 pm=1934 slots=880000 (15963s)
[cap 1341] d0=4119411 pm=1834 slots=880000 (15973s)
[cap 1342] d0=4113617 pm=2025 slots=880000 (15983s)
[cap 1343] d0=4098180 pm=2329 slots=880000 (15993s)
[cap 1344] d0=4128322 pm=1798 slots=880000 (16004s)
[cap 1345] d0=4099761 pm=1814 slots=880000 (16014s)
[cap 1346] d0=4123563 pm=1613 slots=880000 (16024s)
[cap 1347] d0=4117805 pm=1890 slots=880000 (16034s)
[cap 1348] d0=4212555 pm=2421 slots=880000 (16076s)
[cap 1349] d0=4097564 pm=2554 slots=880000 (16117s)
[cap 1350] d0=4118026 pm=2032 slots=880000 (16127s)
[cap 1351] d0=4124792 pm=1859 slots=880000 (16138s)
[cap 1352] d0=4089957 pm=1721 slots=880000 (16148s)
[cap 1353] d0=4129018 pm=1981 slots=880000 (16158s)
[cap 1354] d0=4104890 pm=1991 slots=880000 (16168s)
[cap 1355] d0=4090158 pm=1853 slots=880000 (16178s)
[cap 1356] d0=4097941 pm=1972 slots=880000 (16189s)
[cap 1357] d0=1615799 pm=2263 slots=160000 (16199s)
[cap 1358] d0=4093164 pm=3135 slots=880000 (16248s)
[cap 1359] d0=4128669 pm=2822 slots=880000 (16258s)
[cap 1360] d0=3656789 pm=2931 slots=288000 (16274s)
[cap 1361] d0=2631087 pm=2632 slots=55040 (16280s)
[run twin] 160/300: running acc 100.00 (16280s)
[cap 1362] d0=4110668 pm=1952 slots=879975 (16329s)
[cap 1363] d0=4125765 pm=1402 slots=879975 (16339s)
[cap 1364] d0=4130270 pm=1381 slots=879975 (16349s)
[cap 1365] d0=4105212 pm=1307 slots=879975 (16359s)
[cap 1366] d0=4117955 pm=1346 slots=879975 (16370s)
[cap 1367] d0=4071214 pm=1415 slots=879975 (16380s)
[cap 1368] d0=4121059 pm=1358 slots=879975 (16390s)
[cap 1369] d0=4114206 pm=1396 slots=879975 (16400s)
[cap 1370] d0=4106030 pm=1594 slots=879975 (16410s)
[cap 1371] d0=4090474 pm=2142 slots=879975 (16421s)
[cap 1372] d0=4085757 pm=1517 slots=879975 (16431s)
[cap 1373] d0=4117355 pm=1827 slots=879975 (16441s)
[cap 1374] d0=4087801 pm=1794 slots=879975 (16452s)
[cap 1375] d0=4077850 pm=1417 slots=879975 (16462s)
[cap 1376] d0=4096415 pm=3136 slots=879975 (16472s)
[cap 1377] d0=4123495 pm=1296 slots=879975 (16482s)
[cap 1378] d0=4122295 pm=1403 slots=879975 (16492s)
[cap 1379] d0=4093352 pm=1388 slots=879975 (16503s)
[cap 1380] d0=4077121 pm=1508 slots=879975 (16513s)
[cap 1381] d0=4128287 pm=2013 slots=879975 (16523s)
[cap 1382] d0=4138473 pm=2086 slots=879975 (16533s)
[cap 1383] d0=6165825 pm=2022 slots=336525 (16562s)
[cap 1384] d0=4087660 pm=2356 slots=880000 (16611s)
[cap 1385] d0=4111696 pm=1840 slots=880000 (16621s)
[cap 1386] d0=4133935 pm=1785 slots=880000 (16631s)
[cap 1387] d0=4107602 pm=1781 slots=880000 (16641s)
[cap 1388] d0=4131775 pm=1794 slots=880000 (16652s)
[cap 1389] d0=4082054 pm=1768 slots=880000 (16662s)
[cap 1390] d0=4109645 pm=2100 slots=880000 (16672s)
[cap 1391] d0=4096478 pm=2117 slots=880000 (16682s)
[cap 1392] d0=4098773 pm=3030 slots=880000 (16692s)
[cap 1393] d0=4091898 pm=2936 slots=880000 (16703s)
[cap 1394] d0=4122288 pm=1923 slots=880000 (16713s)
[cap 1395] d0=4082105 pm=1796 slots=880000 (16723s)
[cap 1396] d0=4107924 pm=1560 slots=880000 (16733s)
[cap 1397] d0=4087612 pm=1597 slots=880000 (16744s)
[cap 1398] d0=4122771 pm=1744 slots=880000 (16754s)
[cap 1399] d0=4127772 pm=1888 slots=880000 (16764s)
[cap 1400] d0=4090246 pm=2223 slots=880000 (16774s)
[cap 1401] d0=4121473 pm=1950 slots=880000 (16785s)
[cap 1402] d0=4118389 pm=1841 slots=880000 (16795s)
[cap 1403] d0=4116529 pm=1929 slots=880000 (16805s)
[cap 1404] d0=4075143 pm=1846 slots=880000 (16815s)
[cap 1405] d0=4110631 pm=1692 slots=880000 (16825s)
[cap 1406] d0=4092289 pm=1873 slots=880000 (16836s)
[cap 1407] d0=4086557 pm=1938 slots=880000 (16846s)
[cap 1408] d0=4124307 pm=1959 slots=880000 (16856s)
[cap 1409] d0=4122147 pm=2303 slots=880000 (16866s)
[cap 1410] d0=4092388 pm=2721 slots=880000 (16876s)
[cap 1411] d0=4106395 pm=2086 slots=880000 (16887s)
[cap 1412] d0=4114925 pm=1844 slots=880000 (16897s)
[cap 1413] d0=4105815 pm=1814 slots=880000 (16907s)
[cap 1414] d0=4127762 pm=1765 slots=880000 (16917s)
[cap 1415] d0=4113443 pm=1759 slots=880000 (16928s)
[cap 1416] d0=4117619 pm=1916 slots=880000 (16938s)
[cap 1417] d0=4093685 pm=1833 slots=880000 (16948s)
[cap 1418] d0=4112613 pm=2081 slots=880000 (16958s)
[cap 1419] d0=4131355 pm=2036 slots=880000 (16968s)
[cap 1420] d0=4128479 pm=2077 slots=880000 (16979s)
[cap 1421] d0=4118878 pm=2025 slots=880000 (16989s)
[cap 1422] d0=4109469 pm=2078 slots=880000 (16999s)
[cap 1423] d0=4099246 pm=2082 slots=880000 (17009s)
[cap 1424] d0=4137266 pm=1876 slots=880000 (17020s)
[cap 1425] d0=4109748 pm=1830 slots=880000 (17030s)
[cap 1426] d0=4113733 pm=2091 slots=880000 (17040s)
[cap 1427] d0=4083617 pm=2125 slots=880000 (17050s)
[cap 1428] d0=4091930 pm=1720 slots=880000 (17060s)
[cap 1429] d0=4125952 pm=1797 slots=880000 (17071s)
[cap 1430] d0=4116675 pm=2053 slots=880000 (17081s)
[cap 1431] d0=4116444 pm=2513 slots=880000 (17091s)
[cap 1432] d0=4123394 pm=2905 slots=880000 (17101s)
[cap 1433] d0=4125984 pm=2069 slots=880000 (17112s)
[cap 1434] d0=4122596 pm=2060 slots=880000 (17122s)
[cap 1435] d0=4112183 pm=2616 slots=880000 (17132s)
[cap 1436] d0=4117959 pm=2105 slots=880000 (17142s)
[cap 1437] d0=4093634 pm=1966 slots=880000 (17152s)
[cap 1438] d0=4096877 pm=2049 slots=880000 (17163s)
[cap 1439] d0=4109145 pm=2042 slots=880000 (17173s)
[cap 1440] d0=4095693 pm=2036 slots=880000 (17183s)
[cap 1441] d0=4115732 pm=2014 slots=880000 (17193s)
[cap 1442] d0=6766900 pm=2352 slots=160000 (17204s)
[cap 1443] d0=4127791 pm=3026 slots=880000 (17252s)
[cap 1444] d0=4116002 pm=1982 slots=880000 (17262s)
[cap 1445] d0=3648625 pm=3650 slots=288000 (17278s)
[cap 1446] d0=842176 pm=2701 slots=55040 (17285s)
[run twin] 170/300: running acc 100.00 (17285s)
[cap 1447] d0=4093574 pm=5496 slots=879975 (17333s)
[cap 1448] d0=4097776 pm=2721 slots=879975 (17343s)
[cap 1449] d0=4096628 pm=1484 slots=879975 (17353s)
[cap 1450] d0=4115846 pm=1315 slots=879975 (17363s)
[cap 1451] d0=4094243 pm=1272 slots=879975 (17374s)
[cap 1452] d0=4080419 pm=1408 slots=879975 (17384s)
[cap 1453] d0=4099203 pm=1770 slots=879975 (17394s)
[cap 1454] d0=4121402 pm=1835 slots=879975 (17404s)
[cap 1455] d0=4090422 pm=1839 slots=879975 (17415s)
[cap 1456] d0=4106789 pm=1637 slots=879975 (17425s)
[cap 1457] d0=4085780 pm=1680 slots=879975 (17435s)
[cap 1458] d0=4112567 pm=1326 slots=879975 (17445s)
[cap 1459] d0=4100935 pm=1404 slots=879975 (17455s)
[cap 1460] d0=4110063 pm=1837 slots=879975 (17466s)
[cap 1461] d0=4086204 pm=1889 slots=879975 (17476s)
[cap 1462] d0=4112725 pm=2206 slots=879975 (17486s)
[cap 1463] d0=4096818 pm=2208 slots=879975 (17496s)
[cap 1464] d0=4089715 pm=2137 slots=879975 (17507s)
[cap 1465] d0=4101468 pm=1839 slots=879975 (17517s)
[cap 1466] d0=4099087 pm=1938 slots=879975 (17527s)
[cap 1467] d0=4094789 pm=1595 slots=879975 (17537s)
[cap 1468] d0=4628256 pm=2185 slots=336525 (17566s)
[cap 1469] d0=4123593 pm=3170 slots=880000 (17615s)
[cap 1470] d0=4102256 pm=1845 slots=880000 (17625s)
[cap 1471] d0=4119274 pm=1918 slots=880000 (17635s)
[cap 1472] d0=4111790 pm=2020 slots=880000 (17645s)
[cap 1473] d0=4106748 pm=1837 slots=880000 (17656s)
[cap 1474] d0=4105082 pm=1897 slots=880000 (17666s)
[cap 1475] d0=4108955 pm=2023 slots=880000 (17676s)
[cap 1476] d0=4089247 pm=1995 slots=880000 (17686s)
[cap 1477] d0=4082012 pm=2275 slots=880000 (17697s)
[cap 1478] d0=4127375 pm=1912 slots=880000 (17707s)
[cap 1479] d0=4085980 pm=1902 slots=880000 (17717s)
[cap 1480] d0=4100738 pm=1885 slots=880000 (17727s)
[cap 1481] d0=4111734 pm=1830 slots=880000 (17737s)
[cap 1482] d0=4129522 pm=1845 slots=880000 (17748s)
[cap 1483] d0=4095329 pm=1828 slots=880000 (17758s)
[cap 1484] d0=4100241 pm=1770 slots=880000 (17768s)
[cap 1485] d0=4117220 pm=2015 slots=880000 (17778s)
[cap 1486] d0=4138100 pm=1943 slots=880000 (17789s)
[cap 1487] d0=4127156 pm=1856 slots=880000 (17799s)
[cap 1488] d0=4084753 pm=2092 slots=880000 (17809s)
[cap 1489] d0=4088520 pm=1811 slots=880000 (17819s)
[cap 1490] d0=4090266 pm=1795 slots=880000 (17829s)
[cap 1491] d0=4110364 pm=2044 slots=880000 (17840s)
[cap 1492] d0=4088974 pm=1938 slots=880000 (17850s)
[cap 1493] d0=4105255 pm=2135 slots=880000 (17860s)
[cap 1494] d0=4095226 pm=2272 slots=880000 (17870s)
[cap 1495] d0=4105449 pm=3013 slots=880000 (17880s)
[cap 1496] d0=4129625 pm=2098 slots=880000 (17891s)
[cap 1497] d0=4128466 pm=1979 slots=880000 (17901s)
[cap 1498] d0=4119239 pm=1847 slots=880000 (17911s)
[cap 1499] d0=4080999 pm=1849 slots=880000 (17921s)
[cap 1500] d0=4126502 pm=1943 slots=880000 (17931s)
[cap 1501] d0=4093525 pm=2223 slots=880000 (17942s)
[cap 1502] d0=4099823 pm=1792 slots=880000 (17952s)
[cap 1503] d0=4103885 pm=1768 slots=880000 (17962s)
[cap 1504] d0=4092288 pm=1823 slots=880000 (17972s)
[cap 1505] d0=4133617 pm=1824 slots=880000 (17983s)
[cap 1506] d0=4090245 pm=1803 slots=880000 (17993s)
[cap 1507] d0=4113808 pm=1927 slots=880000 (18003s)
[cap 1508] d0=4119772 pm=1865 slots=880000 (18013s)
[cap 1509] d0=4097813 pm=1875 slots=880000 (18023s)
[cap 1510] d0=4079529 pm=2113 slots=880000 (18034s)
[cap 1511] d0=4119295 pm=2024 slots=880000 (18044s)
[cap 1512] d0=4101712 pm=1902 slots=880000 (18054s)
[cap 1513] d0=4132049 pm=1981 slots=880000 (18064s)
[cap 1514] d0=4089670 pm=2180 slots=880000 (18074s)
[cap 1515] d0=4082157 pm=1922 slots=880000 (18085s)
[cap 1516] d0=4083993 pm=1922 slots=880000 (18095s)
[cap 1517] d0=4085800 pm=2140 slots=880000 (18105s)
[cap 1518] d0=4098100 pm=1825 slots=880000 (18115s)
[cap 1519] d0=4103235 pm=1836 slots=880000 (18125s)
[cap 1520] d0=4103907 pm=2130 slots=880000 (18136s)
[cap 1521] d0=4075787 pm=2155 slots=880000 (18146s)
[cap 1522] d0=4101968 pm=1999 slots=880000 (18156s)
[cap 1523] d0=4102068 pm=1850 slots=880000 (18166s)
[cap 1524] d0=4125778 pm=1864 slots=880000 (18177s)
[cap 1525] d0=4111535 pm=1913 slots=880000 (18187s)
[cap 1526] d0=4096114 pm=2040 slots=880000 (18197s)
[cap 1527] d0=1620688 pm=2466 slots=160000 (18207s)
[cap 1528] d0=4091068 pm=3289 slots=880000 (18257s)
[cap 1529] d0=4108020 pm=2517 slots=880000 (18267s)
[cap 1530] d0=3636346 pm=2914 slots=288000 (18283s)
[cap 1531] d0=800169 pm=2626 slots=55040 (18289s)
[run twin] 180/300: running acc 100.00 (18289s)
[cap 1532] d0=4095190 pm=2077 slots=879975 (18338s)
[cap 1533] d0=4104983 pm=1755 slots=879975 (18349s)
[cap 1534] d0=4091109 pm=1593 slots=879975 (18359s)
[cap 1535] d0=4126347 pm=1409 slots=879975 (18370s)
[cap 1536] d0=4083357 pm=1440 slots=879975 (18380s)
[cap 1537] d0=4122409 pm=1608 slots=879975 (18390s)
[cap 1538] d0=4104807 pm=1446 slots=879975 (18400s)
[cap 1539] d0=4113658 pm=1555 slots=879975 (18411s)
[cap 1540] d0=4098796 pm=1458 slots=879975 (18421s)
[cap 1541] d0=4091469 pm=1453 slots=879975 (18431s)
[cap 1542] d0=4129513 pm=2282 slots=879975 (18441s)
[cap 1543] d0=4102636 pm=2206 slots=879975 (18451s)
[cap 1544] d0=4103219 pm=1463 slots=879975 (18462s)
[cap 1545] d0=4108130 pm=1474 slots=879975 (18472s)
[cap 1546] d0=4110679 pm=1587 slots=879975 (18482s)
[cap 1547] d0=4083339 pm=1413 slots=879975 (18492s)
[cap 1548] d0=4120370 pm=1979 slots=879975 (18503s)
[cap 1549] d0=4097510 pm=1677 slots=879975 (18513s)
[cap 1550] d0=4101027 pm=2138 slots=879975 (18523s)
[cap 1551] d0=4093345 pm=3263 slots=879975 (18533s)
[cap 1552] d0=4095012 pm=2401 slots=879975 (18543s)
[cap 1553] d0=5854187 pm=3065 slots=336525 (18572s)
[cap 1554] d0=4097644 pm=2342 slots=880000 (18621s)
[cap 1555] d0=4088708 pm=1867 slots=880000 (18631s)
[cap 1556] d0=4091800 pm=1923 slots=880000 (18642s)
[cap 1557] d0=4102183 pm=1861 slots=880000 (18652s)
[cap 1558] d0=4136090 pm=1778 slots=880000 (18662s)
[cap 1559] d0=4116507 pm=1836 slots=880000 (18672s)
[cap 1560] d0=4108999 pm=2356 slots=880000 (18682s)
[cap 1561] d0=4092005 pm=2476 slots=880000 (18693s)
[cap 1562] d0=4118982 pm=1868 slots=880000 (18703s)
[cap 1563] d0=4091575 pm=1844 slots=880000 (18713s)
[cap 1564] d0=4102638 pm=1945 slots=880000 (18723s)
[cap 1565] d0=4090181 pm=1720 slots=880000 (18734s)
[cap 1566] d0=4123009 pm=1626 slots=880000 (18744s)
[cap 1567] d0=4086963 pm=1737 slots=880000 (18754s)
[cap 1568] d0=4119179 pm=1673 slots=880000 (18764s)
[cap 1569] d0=4100277 pm=1737 slots=880000 (18775s)
[cap 1570] d0=4129893 pm=1841 slots=880000 (18785s)
[cap 1571] d0=4117512 pm=1818 slots=880000 (18795s)
[cap 1572] d0=4120836 pm=1694 slots=880000 (18805s)
[cap 1573] d0=4126623 pm=1794 slots=880000 (18815s)
[cap 1574] d0=4111833 pm=1781 slots=880000 (18826s)
[cap 1575] d0=4101326 pm=1791 slots=880000 (18836s)
[cap 1576] d0=4100111 pm=1843 slots=880000 (18846s)
[cap 1577] d0=4102455 pm=1864 slots=880000 (18856s)
[cap 1578] d0=4118976 pm=1849 slots=880000 (18866s)
[cap 1579] d0=4099338 pm=1773 slots=880000 (18877s)
[cap 1580] d0=4085852 pm=1768 slots=880000 (18887s)
[cap 1581] d0=4098056 pm=1733 slots=880000 (18897s)
[cap 1582] d0=4120760 pm=1674 slots=880000 (18907s)
[cap 1583] d0=4118146 pm=1779 slots=880000 (18917s)
[cap 1584] d0=4117357 pm=2261 slots=880000 (18928s)
[cap 1585] d0=4101393 pm=2207 slots=880000 (18938s)
[cap 1586] d0=4123612 pm=2118 slots=880000 (18948s)
[cap 1587] d0=4099906 pm=2029 slots=880000 (18958s)
[cap 1588] d0=4104431 pm=1929 slots=880000 (18968s)
[cap 1589] d0=4108007 pm=2004 slots=880000 (18979s)
[cap 1590] d0=4094091 pm=1860 slots=880000 (18989s)
[cap 1591] d0=4104292 pm=1854 slots=880000 (18999s)
[cap 1592] d0=4095324 pm=1879 slots=880000 (19009s)
[cap 1593] d0=4085022 pm=1872 slots=880000 (19020s)
[cap 1594] d0=4097169 pm=2084 slots=880000 (19030s)
[cap 1595] d0=4118230 pm=2179 slots=880000 (19040s)
[cap 1596] d0=4086542 pm=1935 slots=880000 (19050s)
[cap 1597] d0=4107406 pm=2080 slots=880000 (19060s)
[cap 1598] d0=4123338 pm=1861 slots=880000 (19071s)
[cap 1599] d0=4126087 pm=1911 slots=880000 (19081s)
[cap 1600] d0=4095527 pm=2068 slots=880000 (19091s)
[cap 1601] d0=4113886 pm=1682 slots=880000 (19101s)
[cap 1602] d0=4111105 pm=1776 slots=880000 (19111s)
[cap 1603] d0=4130339 pm=2030 slots=880000 (19122s)
[cap 1604] d0=4090897 pm=1887 slots=880000 (19132s)
[cap 1605] d0=4093637 pm=2078 slots=880000 (19142s)
[cap 1606] d0=4131682 pm=1954 slots=880000 (19152s)
[cap 1607] d0=4107867 pm=1936 slots=880000 (19163s)
[cap 1608] d0=4113238 pm=2190 slots=880000 (19173s)
[cap 1609] d0=4122157 pm=2120 slots=880000 (19183s)
[cap 1610] d0=4094017 pm=2312 slots=880000 (19193s)
[cap 1611] d0=4114742 pm=2657 slots=880000 (19203s)
[cap 1612] d0=1603457 pm=3018 slots=160000 (19214s)
[cap 1613] d0=4091802 pm=2920 slots=880000 (19262s)
[cap 1614] d0=4111787 pm=2403 slots=880000 (19272s)
[cap 1615] d0=3651616 pm=3000 slots=288000 (19288s)
[cap 1616] d0=811746 pm=2660 slots=55040 (19295s)
[run twin] 190/300: running acc 99.47 (19295s)
[cap 1617] d0=4105677 pm=1926 slots=879975 (19343s)
[cap 1618] d0=4091060 pm=1462 slots=879975 (19353s)
[cap 1619] d0=4109089 pm=1413 slots=879975 (19363s)
[cap 1620] d0=4116485 pm=1530 slots=879975 (19374s)
[cap 1621] d0=4127099 pm=1373 slots=879975 (19384s)
[cap 1622] d0=4091279 pm=1281 slots=879975 (19394s)
[cap 1623] d0=4108182 pm=1309 slots=879975 (19404s)
[cap 1624] d0=4107895 pm=2343 slots=879975 (19414s)
[cap 1625] d0=4082935 pm=3204 slots=879975 (19425s)
[cap 1626] d0=4090635 pm=1589 slots=879975 (19435s)
[cap 1627] d0=4133142 pm=1460 slots=879975 (19445s)
[cap 1628] d0=4124624 pm=1484 slots=879975 (19455s)
[cap 1629] d0=4090531 pm=1315 slots=879975 (19466s)
[cap 1630] d0=4129129 pm=1311 slots=879975 (19476s)
[cap 1631] d0=4079317 pm=1366 slots=879975 (19486s)
[cap 1632] d0=4080864 pm=1340 slots=879975 (19496s)
[cap 1633] d0=4104104 pm=1367 slots=879975 (19507s)
[cap 1634] d0=4119997 pm=1345 slots=879975 (19517s)
[cap 1635] d0=4091802 pm=1498 slots=879975 (19527s)
[cap 1636] d0=4092573 pm=1873 slots=879975 (19537s)
[cap 1637] d0=4130315 pm=1670 slots=879975 (19548s)
[cap 1638] d0=5456835 pm=2055 slots=336525 (19577s)
[cap 1639] d0=4103362 pm=2809 slots=880000 (19626s)
[cap 1640] d0=4096050 pm=2328 slots=880000 (19637s)
[cap 1641] d0=4127633 pm=2211 slots=880000 (19647s)
[cap 1642] d0=4098517 pm=2220 slots=880000 (19657s)
[cap 1643] d0=4077269 pm=2322 slots=880000 (19667s)
[cap 1644] d0=4131614 pm=2143 slots=880000 (19678s)
[cap 1645] d0=4098001 pm=2175 slots=880000 (19688s)
[cap 1646] d0=4112566 pm=1974 slots=880000 (19698s)
[cap 1647] d0=4124613 pm=2146 slots=880000 (19708s)
[cap 1648] d0=4128006 pm=2291 slots=880000 (19718s)
[cap 1649] d0=4094041 pm=2062 slots=880000 (19729s)
[cap 1650] d0=4092090 pm=1912 slots=880000 (19739s)
[cap 1651] d0=4103093 pm=1782 slots=880000 (19749s)
[cap 1652] d0=4094848 pm=1854 slots=880000 (19759s)
[cap 1653] d0=4090901 pm=2049 slots=880000 (19770s)
[cap 1654] d0=4104961 pm=1944 slots=880000 (19780s)
[cap 1655] d0=4101993 pm=2225 slots=880000 (19790s)
[cap 1656] d0=4089566 pm=2031 slots=880000 (19800s)
[cap 1657] d0=4099755 pm=1929 slots=880000 (19810s)
[cap 1658] d0=4118216 pm=1700 slots=880000 (19821s)
[cap 1659] d0=4111082 pm=1856 slots=880000 (19831s)
[cap 1660] d0=4080951 pm=1891 slots=880000 (19841s)
[cap 1661] d0=4119439 pm=2007 slots=880000 (19851s)
[cap 1662] d0=4094362 pm=1996 slots=880000 (19861s)
[cap 1663] d0=4086370 pm=1811 slots=880000 (19872s)
[cap 1664] d0=4090958 pm=1866 slots=880000 (19882s)
[cap 1665] d0=4110712 pm=1943 slots=880000 (19892s)
[cap 1666] d0=4121844 pm=1787 slots=880000 (19902s)
[cap 1667] d0=4094163 pm=1920 slots=880000 (19913s)
[cap 1668] d0=4124019 pm=1964 slots=880000 (19923s)
[cap 1669] d0=4126223 pm=2041 slots=880000 (19933s)
[cap 1670] d0=4101831 pm=1866 slots=880000 (19944s)
[cap 1671] d0=4125957 pm=2007 slots=880000 (19954s)
[cap 1672] d0=4110196 pm=2121 slots=880000 (19964s)
[cap 1673] d0=4123783 pm=1858 slots=880000 (19974s)
[cap 1674] d0=4119811 pm=1822 slots=880000 (19984s)
[cap 1675] d0=4091823 pm=1929 slots=880000 (19995s)
[cap 1676] d0=4084270 pm=1802 slots=880000 (20005s)
[cap 1677] d0=4117891 pm=1956 slots=880000 (20015s)
[cap 1678] d0=4124287 pm=1867 slots=880000 (20025s)
[cap 1679] d0=4105560 pm=2146 slots=880000 (20036s)
[cap 1680] d0=4091487 pm=2619 slots=880000 (20046s)
[cap 1681] d0=4119261 pm=2572 slots=880000 (20056s)
[cap 1682] d0=4092262 pm=2399 slots=880000 (20066s)
[cap 1683] d0=4084946 pm=2443 slots=880000 (20077s)
[cap 1684] d0=4109034 pm=1865 slots=880000 (20087s)
[cap 1685] d0=4117352 pm=1948 slots=880000 (20097s)
[cap 1686] d0=4095711 pm=1975 slots=880000 (20107s)
[cap 1687] d0=4080650 pm=2037 slots=880000 (20117s)
[cap 1688] d0=4106188 pm=1874 slots=880000 (20127s)
[cap 1689] d0=4113712 pm=1888 slots=880000 (20138s)
[cap 1690] d0=4100263 pm=2049 slots=880000 (20148s)
[cap 1691] d0=4091942 pm=1978 slots=880000 (20158s)
[cap 1692] d0=4103274 pm=1965 slots=880000 (20168s)
[cap 1693] d0=4107935 pm=2189 slots=880000 (20179s)
[cap 1694] d0=4117627 pm=2185 slots=880000 (20189s)
[cap 1695] d0=4093453 pm=2132 slots=880000 (20199s)
[cap 1696] d0=4126291 pm=1916 slots=880000 (20209s)
[cap 1697] d0=6759264 pm=2417 slots=160000 (20219s)
[cap 1698] d0=4094595 pm=3048 slots=880000 (20267s)
[cap 1699] d0=4130001 pm=2801 slots=880000 (20278s)
[cap 1700] d0=3614036 pm=2792 slots=288000 (20294s)
[cap 1701] d0=826363 pm=2546 slots=55040 (20300s)
[run twin] 200/300: running acc 99.50 (20300s)
[cap 1702] d0=4087527 pm=2098 slots=879975 (20348s)
[cap 1703] d0=4093743 pm=1973 slots=879975 (20358s)
[cap 1704] d0=4079797 pm=1866 slots=879975 (20368s)
[cap 1705] d0=4095342 pm=1437 slots=879975 (20379s)
[cap 1706] d0=4104290 pm=1342 slots=879975 (20389s)
[cap 1707] d0=4083779 pm=1272 slots=879975 (20399s)
[cap 1708] d0=4104963 pm=1203 slots=879975 (20409s)
[cap 1709] d0=4087537 pm=1318 slots=879975 (20420s)
[cap 1710] d0=4108216 pm=4770 slots=879975 (20430s)
[cap 1711] d0=4097470 pm=4571 slots=879975 (20440s)
[cap 1712] d0=4105999 pm=2470 slots=879975 (20450s)
[cap 1713] d0=4114269 pm=1974 slots=879975 (20461s)
[cap 1714] d0=4139596 pm=1760 slots=879975 (20471s)
[cap 1715] d0=4123076 pm=1695 slots=879975 (20481s)
[cap 1716] d0=4104798 pm=1874 slots=879975 (20491s)
[cap 1717] d0=4121153 pm=1547 slots=879975 (20502s)
[cap 1718] d0=4093302 pm=1495 slots=879975 (20512s)
[cap 1719] d0=4125359 pm=1480 slots=879975 (20522s)
[cap 1720] d0=4075963 pm=1726 slots=879975 (20532s)
[cap 1721] d0=4091727 pm=1619 slots=879975 (20543s)
[cap 1722] d0=4122716 pm=1654 slots=879975 (20553s)
[cap 1723] d0=10010534 pm=1997 slots=336525 (20583s)
[cap 1724] d0=4103412 pm=2582 slots=880000 (20631s)
[cap 1725] d0=4085918 pm=2229 slots=880000 (20641s)
[cap 1726] d0=4101800 pm=1975 slots=880000 (20651s)
[cap 1727] d0=4110518 pm=2129 slots=880000 (20662s)
[cap 1728] d0=4084413 pm=2506 slots=880000 (20672s)
[cap 1729] d0=4081810 pm=2039 slots=880000 (20682s)
[cap 1730] d0=4112592 pm=2010 slots=880000 (20692s)
[cap 1731] d0=4114899 pm=1963 slots=880000 (20702s)
[cap 1732] d0=4078689 pm=1931 slots=880000 (20713s)
[cap 1733] d0=4099420 pm=2021 slots=880000 (20723s)
[cap 1734] d0=4125306 pm=1998 slots=880000 (20733s)
[cap 1735] d0=4108384 pm=1805 slots=880000 (20743s)
[cap 1736] d0=4130448 pm=1965 slots=880000 (20754s)
[cap 1737] d0=4113150 pm=1846 slots=880000 (20764s)
[cap 1738] d0=4092025 pm=1798 slots=880000 (20774s)
[cap 1739] d0=4122936 pm=1824 slots=880000 (20784s)
[cap 1740] d0=4125070 pm=1892 slots=880000 (20794s)
[cap 1741] d0=4105882 pm=1795 slots=880000 (20805s)
[cap 1742] d0=4091781 pm=1967 slots=880000 (20815s)
[cap 1743] d0=4122529 pm=2567 slots=880000 (20825s)
[cap 1744] d0=4103721 pm=2203 slots=880000 (20835s)
[cap 1745] d0=4105041 pm=2003 slots=880000 (20846s)
[cap 1746] d0=4111013 pm=2350 slots=880000 (20856s)
[cap 1747] d0=4110958 pm=2408 slots=880000 (20866s)
[cap 1748] d0=4115121 pm=2370 slots=880000 (20876s)
[cap 1749] d0=4091992 pm=2574 slots=880000 (20887s)
[cap 1750] d0=4095878 pm=2299 slots=880000 (20897s)
[cap 1751] d0=4102360 pm=2324 slots=880000 (20907s)
[cap 1752] d0=4104209 pm=2349 slots=880000 (20917s)
[cap 1753] d0=4132174 pm=2003 slots=880000 (20927s)
[cap 1754] d0=4093041 pm=1857 slots=880000 (20938s)
[cap 1755] d0=4132425 pm=1775 slots=880000 (20948s)
[cap 1756] d0=4096492 pm=2062 slots=880000 (20958s)
[cap 1757] d0=4084987 pm=1779 slots=880000 (20968s)
[cap 1758] d0=4093943 pm=1741 slots=880000 (20978s)
[cap 1759] d0=4095199 pm=1797 slots=880000 (20989s)
[cap 1760] d0=4110751 pm=1692 slots=880000 (20999s)
[cap 1761] d0=4107774 pm=1690 slots=880000 (21009s)
[cap 1762] d0=4093898 pm=1833 slots=880000 (21019s)
[cap 1763] d0=4099155 pm=1854 slots=880000 (21029s)
[cap 1764] d0=4110004 pm=2051 slots=880000 (21040s)
[cap 1765] d0=4119024 pm=2017 slots=880000 (21050s)
[cap 1766] d0=4096625 pm=1826 slots=880000 (21060s)
[cap 1767] d0=4128066 pm=1903 slots=880000 (21071s)
[cap 1768] d0=4085922 pm=2024 slots=880000 (21081s)
[cap 1769] d0=4087079 pm=1885 slots=880000 (21091s)
[cap 1770] d0=4095176 pm=2121 slots=880000 (21101s)
[cap 1771] d0=4097311 pm=1973 slots=880000 (21112s)
[cap 1772] d0=4118053 pm=1989 slots=880000 (21122s)
[cap 1773] d0=4102113 pm=1894 slots=880000 (21132s)
[cap 1774] d0=4103673 pm=1824 slots=880000 (21142s)
[cap 1775] d0=4100866 pm=2038 slots=880000 (21152s)
[cap 1776] d0=4133249 pm=1964 slots=880000 (21163s)
[cap 1777] d0=4126211 pm=1794 slots=880000 (21173s)
[cap 1778] d0=4081343 pm=1872 slots=880000 (21183s)
[cap 1779] d0=4092964 pm=1890 slots=880000 (21193s)
[cap 1780] d0=4125558 pm=1965 slots=880000 (21203s)
[cap 1781] d0=4114866 pm=2053 slots=880000 (21214s)
[cap 1782] d0=1598100 pm=2472 slots=160000 (21224s)
[cap 1783] d0=4102312 pm=2889 slots=880000 (21273s)
[cap 1784] d0=4090325 pm=2628 slots=880000 (21283s)
[cap 1785] d0=3654530 pm=2657 slots=288000 (21299s)
[cap 1786] d0=803993 pm=2594 slots=55040 (21305s)
[run twin] 210/300: running acc 99.52 (21305s)
[cap 1787] d0=4115774 pm=2597 slots=879975 (21353s)
[cap 1788] d0=4123243 pm=2100 slots=879975 (21363s)
[cap 1789] d0=4083650 pm=2123 slots=879975 (21374s)
[cap 1790] d0=4120894 pm=1420 slots=879975 (21384s)
[cap 1791] d0=4111349 pm=1848 slots=879975 (21394s)
[cap 1792] d0=4126148 pm=2421 slots=879975 (21404s)
[cap 1793] d0=4097426 pm=2848 slots=879975 (21414s)
[cap 1794] d0=4115402 pm=1830 slots=879975 (21425s)
[cap 1795] d0=4112196 pm=2068 slots=879975 (21435s)
[cap 1796] d0=4112804 pm=1927 slots=879975 (21445s)
[cap 1797] d0=4085963 pm=1874 slots=879975 (21455s)
[cap 1798] d0=4085582 pm=1363 slots=879975 (21466s)
[cap 1799] d0=4131585 pm=2805 slots=879975 (21476s)
[cap 1800] d0=4080358 pm=3010 slots=879975 (21486s)
[cap 1801] d0=4096176 pm=1394 slots=879975 (21496s)
[cap 1802] d0=4102372 pm=1677 slots=879975 (21507s)
[cap 1803] d0=4130130 pm=1396 slots=879975 (21517s)
[cap 1804] d0=4124744 pm=1236 slots=879975 (21527s)
[cap 1805] d0=4136251 pm=1403 slots=879975 (21537s)
[cap 1806] d0=4125553 pm=1575 slots=879975 (21547s)
[cap 1807] d0=4104054 pm=1672 slots=879975 (21558s)
[cap 1808] d0=11506034 pm=1861 slots=336525 (21588s)
[cap 1809] d0=4090181 pm=2605 slots=880000 (21637s)
[cap 1810] d0=4098658 pm=2071 slots=880000 (21647s)
[cap 1811] d0=4103354 pm=1977 slots=880000 (21657s)
[cap 1812] d0=4098942 pm=1952 slots=880000 (21667s)
[cap 1813] d0=4117926 pm=1940 slots=880000 (21678s)
[cap 1814] d0=4098978 pm=1853 slots=880000 (21688s)
[cap 1815] d0=4086013 pm=2074 slots=880000 (21698s)
[cap 1816] d0=4131283 pm=2076 slots=880000 (21708s)
[cap 1817] d0=4129201 pm=2188 slots=880000 (21718s)
[cap 1818] d0=4123542 pm=2064 slots=880000 (21729s)
[cap 1819] d0=4115460 pm=2040 slots=880000 (21739s)
[cap 1820] d0=4128872 pm=2070 slots=880000 (21749s)
[cap 1821] d0=4123828 pm=2181 slots=880000 (21759s)
[cap 1822] d0=4116045 pm=2103 slots=880000 (21770s)
[cap 1823] d0=4101433 pm=1996 slots=880000 (21780s)
[cap 1824] d0=4093536 pm=2424 slots=880000 (21790s)
[cap 1825] d0=4127743 pm=2428 slots=880000 (21800s)
[cap 1826] d0=4123789 pm=2606 slots=880000 (21810s)
[cap 1827] d0=4100454 pm=2107 slots=880000 (21821s)
[cap 1828] d0=4089622 pm=2102 slots=880000 (21831s)
[cap 1829] d0=4123279 pm=1809 slots=880000 (21841s)
[cap 1830] d0=4126908 pm=1863 slots=880000 (21851s)
[cap 1831] d0=4108775 pm=2058 slots=880000 (21862s)
[cap 1832] d0=4086504 pm=1992 slots=880000 (21872s)
[cap 1833] d0=4097391 pm=1822 slots=880000 (21882s)
[cap 1834] d0=4087872 pm=1813 slots=880000 (21892s)
[cap 1835] d0=4113545 pm=1824 slots=880000 (21903s)
[cap 1836] d0=4099086 pm=1670 slots=880000 (21913s)
[cap 1837] d0=4096925 pm=1668 slots=880000 (21923s)
[cap 1838] d0=4121891 pm=1727 slots=880000 (21933s)
[cap 1839] d0=4134878 pm=2096 slots=880000 (21943s)
[cap 1840] d0=4128823 pm=2047 slots=880000 (21954s)
[cap 1841] d0=4095569 pm=2238 slots=880000 (21964s)
[cap 1842] d0=4096579 pm=2247 slots=880000 (21974s)
[cap 1843] d0=4125882 pm=2247 slots=880000 (21984s)
[cap 1844] d0=4106057 pm=2213 slots=880000 (21995s)
[cap 1845] d0=4122117 pm=2315 slots=880000 (22005s)
[cap 1846] d0=4095830 pm=2278 slots=880000 (22015s)
[cap 1847] d0=4126710 pm=2059 slots=880000 (22026s)
[cap 1848] d0=4123200 pm=2258 slots=880000 (22036s)
[cap 1849] d0=4117646 pm=2158 slots=880000 (22046s)
[cap 1850] d0=4109076 pm=1982 slots=880000 (22057s)
[cap 1851] d0=4087165 pm=2020 slots=880000 (22067s)
[cap 1852] d0=4085987 pm=2243 slots=880000 (22077s)
[cap 1853] d0=4107837 pm=1704 slots=880000 (22087s)
[cap 1854] d0=4124494 pm=1975 slots=880000 (22098s)
[cap 1855] d0=4135612 pm=2084 slots=880000 (22108s)
[cap 1856] d0=4106671 pm=1999 slots=880000 (22118s)
[cap 1857] d0=4111192 pm=1939 slots=880000 (22128s)
[cap 1858] d0=4096201 pm=1874 slots=880000 (22139s)
[cap 1859] d0=4090247 pm=2042 slots=880000 (22149s)
[cap 1860] d0=4128136 pm=2080 slots=880000 (22159s)
[cap 1861] d0=4090694 pm=2007 slots=880000 (22169s)
[cap 1862] d0=4135835 pm=1711 slots=880000 (22180s)
[cap 1863] d0=4118665 pm=1842 slots=880000 (22190s)
[cap 1864] d0=4110985 pm=1855 slots=880000 (22200s)
[cap 1865] d0=4084295 pm=1861 slots=880000 (22210s)
[cap 1866] d0=4096102 pm=1914 slots=880000 (22220s)
[cap 1867] d0=6777117 pm=2268 slots=160000 (22231s)
[cap 1868] d0=4120133 pm=2963 slots=880000 (22279s)
[cap 1869] d0=4127317 pm=2076 slots=880000 (22289s)
[cap 1870] d0=3647769 pm=3173 slots=288000 (22305s)
[cap 1871] d0=2614485 pm=2589 slots=55040 (22311s)
[run twin] 220/300: running acc 99.55 (22311s)
[cap 1872] d0=4084262 pm=2325 slots=879975 (22359s)
[cap 1873] d0=4114874 pm=3624 slots=879975 (22370s)
[cap 1874] d0=4090827 pm=3127 slots=879975 (22380s)
[cap 1875] d0=4085623 pm=1476 slots=879975 (22390s)
[cap 1876] d0=4122362 pm=1287 slots=879975 (22400s)
[cap 1877] d0=4126223 pm=1254 slots=879975 (22411s)
[cap 1878] d0=4120300 pm=1366 slots=879975 (22421s)
[cap 1879] d0=4083862 pm=1672 slots=879975 (22431s)
[cap 1880] d0=4118967 pm=1436 slots=879975 (22441s)
[cap 1881] d0=4089794 pm=1566 slots=879975 (22452s)
[cap 1882] d0=4091225 pm=2055 slots=879975 (22462s)
[cap 1883] d0=4115237 pm=1576 slots=879975 (22472s)
[cap 1884] d0=4112393 pm=1389 slots=879975 (22482s)
[cap 1885] d0=4124643 pm=1743 slots=879975 (22492s)
[cap 1886] d0=4094444 pm=1845 slots=879975 (22503s)
[cap 1887] d0=4122973 pm=1505 slots=879975 (22513s)
[cap 1888] d0=4113650 pm=1633 slots=879975 (22523s)
[cap 1889] d0=4119495 pm=1655 slots=879975 (22534s)
[cap 1890] d0=4116860 pm=1745 slots=879975 (22544s)
[cap 1891] d0=4085210 pm=2067 slots=879975 (22554s)
[cap 1892] d0=4078749 pm=1555 slots=879975 (22564s)
[cap 1893] d0=5214515 pm=1909 slots=336525 (22593s)
[cap 1894] d0=4105713 pm=2531 slots=880000 (22642s)
[cap 1895] d0=4100774 pm=2381 slots=880000 (22652s)
[cap 1896] d0=4111570 pm=2300 slots=880000 (22662s)
[cap 1897] d0=4087665 pm=1952 slots=880000 (22672s)
[cap 1898] d0=4107221 pm=3012 slots=880000 (22683s)
[cap 1899] d0=4092313 pm=2996 slots=880000 (22693s)
[cap 1900] d0=4108238 pm=1913 slots=880000 (22703s)
[cap 1901] d0=4108517 pm=1903 slots=880000 (22713s)
[cap 1902] d0=4111028 pm=2160 slots=880000 (22724s)
[cap 1903] d0=4125525 pm=2154 slots=880000 (22734s)
[cap 1904] d0=4106343 pm=2048 slots=880000 (22744s)
[cap 1905] d0=4093774 pm=1896 slots=880000 (22754s)
[cap 1906] d0=4117568 pm=1846 slots=880000 (22765s)
[cap 1907] d0=4122100 pm=1825 slots=880000 (22775s)
[cap 1908] d0=4082991 pm=1790 slots=880000 (22785s)
[cap 1909] d0=4120352 pm=2000 slots=880000 (22795s)
[cap 1910] d0=4111387 pm=2198 slots=880000 (22805s)
[cap 1911] d0=4114471 pm=1960 slots=880000 (22816s)
[cap 1912] d0=4104605 pm=1745 slots=880000 (22826s)
[cap 1913] d0=4110216 pm=1888 slots=880000 (22836s)
[cap 1914] d0=4121896 pm=1829 slots=880000 (22846s)
[cap 1915] d0=4132141 pm=1767 slots=880000 (22857s)
[cap 1916] d0=4115219 pm=2083 slots=880000 (22867s)
[cap 1917] d0=4089080 pm=2026 slots=880000 (22877s)
[cap 1918] d0=4123681 pm=1853 slots=880000 (22887s)
[cap 1919] d0=4091415 pm=1810 slots=880000 (22898s)
[cap 1920] d0=4122477 pm=1840 slots=880000 (22908s)
[cap 1921] d0=4087460 pm=1664 slots=880000 (22918s)
[cap 1922] d0=4113326 pm=1681 slots=880000 (22928s)
[cap 1923] d0=4084277 pm=1882 slots=880000 (22938s)
[cap 1924] d0=4094358 pm=2149 slots=880000 (22949s)
[cap 1925] d0=4087912 pm=1889 slots=880000 (22959s)
[cap 1926] d0=4121798 pm=2056 slots=880000 (22969s)
[cap 1927] d0=4106219 pm=2105 slots=880000 (22979s)
[cap 1928] d0=4122236 pm=1836 slots=880000 (22989s)
[cap 1929] d0=4118756 pm=1793 slots=880000 (23000s)
[cap 1930] d0=4113486 pm=1762 slots=880000 (23010s)
[cap 1931] d0=4089897 pm=1677 slots=880000 (23020s)
[cap 1932] d0=4089883 pm=1803 slots=880000 (23030s)
[cap 1933] d0=4110064 pm=1832 slots=880000 (23041s)
[cap 1934] d0=4081308 pm=1902 slots=880000 (23051s)
[cap 1935] d0=4120401 pm=2027 slots=880000 (23061s)
[cap 1936] d0=4120654 pm=1942 slots=880000 (23071s)
[cap 1937] d0=4107947 pm=1668 slots=880000 (23081s)
[cap 1938] d0=4102220 pm=1769 slots=880000 (23092s)
[cap 1939] d0=4131052 pm=2326 slots=880000 (23102s)
[cap 1940] d0=4089224 pm=2364 slots=880000 (23112s)
[cap 1941] d0=4099904 pm=1895 slots=880000 (23122s)
[cap 1942] d0=4097751 pm=2018 slots=880000 (23133s)
[cap 1943] d0=4125973 pm=1899 slots=880000 (23143s)
[cap 1944] d0=4100642 pm=1708 slots=880000 (23153s)
[cap 1945] d0=4093154 pm=2016 slots=880000 (23163s)
[cap 1946] d0=4118114 pm=1904 slots=880000 (23174s)
[cap 1947] d0=4130784 pm=1814 slots=880000 (23184s)
[cap 1948] d0=4103449 pm=1946 slots=880000 (23194s)
[cap 1949] d0=4097767 pm=1878 slots=880000 (23204s)
[cap 1950] d0=4101571 pm=1808 slots=880000 (23214s)
[cap 1951] d0=4097729 pm=1988 slots=880000 (23225s)
[cap 1952] d0=1613823 pm=2368 slots=160000 (23235s)
[cap 1953] d0=4112481 pm=3060 slots=880000 (23283s)
[cap 1954] d0=4093170 pm=2476 slots=880000 (23293s)
[cap 1955] d0=3643847 pm=2844 slots=288000 (23310s)
[cap 1956] d0=2582945 pm=2533 slots=55040 (23316s)
[run twin] 230/300: running acc 99.57 (23316s)
[cap 1957] d0=4080319 pm=2295 slots=879975 (23364s)
[cap 1958] d0=4079830 pm=2055 slots=879975 (23375s)
[cap 1959] d0=4098527 pm=6360 slots=879975 (23385s)
[cap 1960] d0=4078974 pm=7760 slots=879975 (23395s)
[cap 1961] d0=4112297 pm=1448 slots=879975 (23405s)
[cap 1962] d0=4107226 pm=1384 slots=879975 (23416s)
[cap 1963] d0=4112689 pm=1203 slots=879975 (23426s)
[cap 1964] d0=4101845 pm=1396 slots=879975 (23436s)
[cap 1965] d0=4111239 pm=1806 slots=879975 (23446s)
[cap 1966] d0=4090464 pm=1651 slots=879975 (23456s)
[cap 1967] d0=4108764 pm=1382 slots=879975 (23467s)
[cap 1968] d0=4122389 pm=1570 slots=879975 (23477s)
[cap 1969] d0=4109590 pm=1731 slots=879975 (23487s)
[cap 1970] d0=4097003 pm=1733 slots=879975 (23497s)
[cap 1971] d0=4127963 pm=1887 slots=879975 (23507s)
[cap 1972] d0=4082148 pm=1825 slots=879975 (23518s)
[cap 1973] d0=4101543 pm=1727 slots=879975 (23528s)
[cap 1974] d0=4133116 pm=1808 slots=879975 (23538s)
[cap 1975] d0=4133671 pm=1628 slots=879975 (23548s)
[cap 1976] d0=4125601 pm=1715 slots=879975 (23558s)
[cap 1977] d0=4100406 pm=1980 slots=879975 (23569s)
[cap 1978] d0=4452755 pm=2257 slots=336525 (23598s)
[cap 1979] d0=4093780 pm=2789 slots=880000 (23646s)
[cap 1980] d0=4110685 pm=2745 slots=880000 (23656s)
[cap 1981] d0=4093041 pm=2269 slots=880000 (23667s)
[cap 1982] d0=4115648 pm=2055 slots=880000 (23677s)
[cap 1983] d0=4126740 pm=2451 slots=880000 (23687s)
[cap 1984] d0=4105585 pm=2566 slots=880000 (23697s)
[cap 1985] d0=4097964 pm=2069 slots=880000 (23707s)
[cap 1986] d0=4093754 pm=2777 slots=880000 (23718s)
[cap 1987] d0=4138163 pm=6658 slots=880000 (23728s)
[cap 1988] d0=4091039 pm=6587 slots=880000 (23738s)
[cap 1989] d0=4106883 pm=2766 slots=880000 (23748s)
[cap 1990] d0=4088401 pm=2825 slots=880000 (23759s)
[cap 1991] d0=4114295 pm=1829 slots=880000 (23769s)
[cap 1992] d0=4102971 pm=1809 slots=880000 (23779s)
[cap 1993] d0=4127748 pm=2089 slots=880000 (23789s)
[cap 1994] d0=4101886 pm=2131 slots=880000 (23799s)
[cap 1995] d0=4097087 pm=2181 slots=880000 (23810s)
[cap 1996] d0=4122216 pm=1886 slots=880000 (23820s)
[cap 1997] d0=4086145 pm=1634 slots=880000 (23830s)
[cap 1998] d0=4128844 pm=1870 slots=880000 (23840s)
[cap 1999] d0=4097669 pm=1784 slots=880000 (23850s)
[cap 2000] d0=4124084 pm=1684 slots=880000 (23861s)
[cap 2001] d0=4112542 pm=1820 slots=880000 (23871s)
[cap 2002] d0=4082280 pm=1788 slots=880000 (23881s)
[cap 2003] d0=4122080 pm=2051 slots=880000 (23891s)
[cap 2004] d0=4096270 pm=2004 slots=880000 (23902s)
[cap 2005] d0=4088942 pm=1888 slots=880000 (23912s)
[cap 2006] d0=4102810 pm=1807 slots=880000 (23922s)
[cap 2007] d0=4120626 pm=1757 slots=880000 (23932s)
[cap 2008] d0=4084022 pm=1838 slots=880000 (23943s)
[cap 2009] d0=4093860 pm=1992 slots=880000 (23953s)
[cap 2010] d0=4090727 pm=1857 slots=880000 (23963s)
[cap 2011] d0=4122591 pm=1844 slots=880000 (23973s)
[cap 2012] d0=4126357 pm=1960 slots=880000 (23983s)
[cap 2013] d0=4085686 pm=1903 slots=880000 (23994s)
[cap 2014] d0=4118146 pm=2040 slots=880000 (24004s)
[cap 2015] d0=4091357 pm=2074 slots=880000 (24014s)
[cap 2016] d0=4093703 pm=2521 slots=880000 (24024s)
[cap 2017] d0=4121491 pm=1919 slots=880000 (24035s)
[cap 2018] d0=4084028 pm=1895 slots=880000 (24045s)
[cap 2019] d0=4109313 pm=2029 slots=880000 (24055s)
[cap 2020] d0=4085962 pm=2050 slots=880000 (24065s)
[cap 2021] d0=4113914 pm=2007 slots=880000 (24075s)
[cap 2022] d0=4098407 pm=1920 slots=880000 (24086s)
[cap 2023] d0=4110189 pm=2104 slots=880000 (24096s)
[cap 2024] d0=4115360 pm=2140 slots=880000 (24106s)
[cap 2025] d0=4127529 pm=2075 slots=880000 (24116s)
[cap 2026] d0=4116231 pm=1872 slots=880000 (24127s)
[cap 2027] d0=4123412 pm=1774 slots=880000 (24137s)
[cap 2028] d0=4115478 pm=1827 slots=880000 (24147s)
[cap 2029] d0=4107752 pm=1817 slots=880000 (24157s)
[cap 2030] d0=4111593 pm=2002 slots=880000 (24167s)
[cap 2031] d0=4093704 pm=2001 slots=880000 (24177s)
[cap 2032] d0=4106731 pm=1973 slots=880000 (24188s)
[cap 2033] d0=4108467 pm=1997 slots=880000 (24198s)
[cap 2034] d0=4101918 pm=1913 slots=880000 (24208s)
[cap 2035] d0=4093613 pm=1815 slots=880000 (24218s)
[cap 2036] d0=4127781 pm=2037 slots=880000 (24228s)
[cap 2037] d0=6766732 pm=2389 slots=160000 (24239s)
[cap 2038] d0=4098924 pm=2988 slots=880000 (24287s)
[cap 2039] d0=4127804 pm=2551 slots=880000 (24297s)
[cap 2040] d0=3626176 pm=2955 slots=288000 (24314s)
[cap 2041] d0=828648 pm=2574 slots=55040 (24320s)
[run twin] 240/300: running acc 99.17 (24320s)
[cap 2042] d0=4107821 pm=2061 slots=879975 (24368s)
[cap 2043] d0=4114182 pm=2354 slots=879975 (24378s)
[cap 2044] d0=4111955 pm=1959 slots=879975 (24388s)
[cap 2045] d0=4135133 pm=1500 slots=879975 (24398s)
[cap 2046] d0=4106421 pm=1490 slots=879975 (24409s)
[cap 2047] d0=4115707 pm=1465 slots=879975 (24419s)
[cap 2048] d0=4110336 pm=1375 slots=879975 (24429s)
[cap 2049] d0=4098094 pm=1424 slots=879975 (24440s)
[cap 2050] d0=4091049 pm=1789 slots=879975 (24450s)
[cap 2051] d0=4129352 pm=2800 slots=879975 (24460s)
[cap 2052] d0=4121032 pm=3803 slots=879975 (24470s)
[cap 2053] d0=4104485 pm=2377 slots=879975 (24481s)
[cap 2054] d0=4111836 pm=1794 slots=879975 (24491s)
[cap 2055] d0=4113588 pm=1766 slots=879975 (24501s)
[cap 2056] d0=4105639 pm=1990 slots=879975 (24511s)
[cap 2057] d0=4098379 pm=2326 slots=879975 (24521s)
[cap 2058] d0=4093181 pm=1368 slots=879975 (24532s)
[cap 2059] d0=4126203 pm=1484 slots=879975 (24542s)
[cap 2060] d0=4114188 pm=1710 slots=879975 (24552s)
[cap 2061] d0=4133686 pm=2103 slots=879975 (24562s)
[cap 2062] d0=4115407 pm=1834 slots=879975 (24573s)
[cap 2063] d0=5160957 pm=2412 slots=336525 (24602s)
[cap 2064] d0=4090955 pm=2610 slots=880000 (24650s)
[cap 2065] d0=4095133 pm=2399 slots=880000 (24661s)
[cap 2066] d0=4107313 pm=1969 slots=880000 (24671s)
[cap 2067] d0=4076257 pm=1834 slots=880000 (24681s)
[cap 2068] d0=4093514 pm=2490 slots=880000 (24691s)
[cap 2069] d0=4097938 pm=2103 slots=880000 (24701s)
[cap 2070] d0=4139204 pm=1950 slots=880000 (24712s)
[cap 2071] d0=4101768 pm=1941 slots=880000 (24722s)
[cap 2072] d0=4110128 pm=1914 slots=880000 (24732s)
[cap 2073] d0=4121610 pm=1976 slots=880000 (24742s)
[cap 2074] d0=4117842 pm=1910 slots=880000 (24753s)
[cap 2075] d0=4123013 pm=1835 slots=880000 (24763s)
[cap 2076] d0=4083221 pm=2040 slots=880000 (24773s)
[cap 2077] d0=4106937 pm=1769 slots=880000 (24783s)
[cap 2078] d0=4127421 pm=1925 slots=880000 (24794s)
[cap 2079] d0=4111167 pm=1903 slots=880000 (24804s)
[cap 2080] d0=4103604 pm=2000 slots=880000 (24814s)
[cap 2081] d0=4082073 pm=2016 slots=880000 (24824s)
[cap 2082] d0=4082353 pm=2074 slots=880000 (24834s)
[cap 2083] d0=4123584 pm=2203 slots=880000 (24845s)
[cap 2084] d0=4100464 pm=2325 slots=880000 (24855s)
[cap 2085] d0=4090369 pm=2086 slots=880000 (24865s)
[cap 2086] d0=4105234 pm=2199 slots=880000 (24875s)
[cap 2087] d0=4122491 pm=2023 slots=880000 (24885s)
[cap 2088] d0=4111263 pm=2097 slots=880000 (24896s)
[cap 2089] d0=4133758 pm=2049 slots=880000 (24906s)
[cap 2090] d0=4089286 pm=1919 slots=880000 (24916s)
[cap 2091] d0=4127253 pm=1950 slots=880000 (24926s)
[cap 2092] d0=4130535 pm=1797 slots=880000 (24937s)
[cap 2093] d0=4088488 pm=1731 slots=880000 (24947s)
[cap 2094] d0=4090425 pm=2171 slots=880000 (24957s)
[cap 2095] d0=4107304 pm=1938 slots=880000 (24967s)
[cap 2096] d0=4125226 pm=1962 slots=880000 (24978s)
[cap 2097] d0=4101007 pm=1858 slots=880000 (24988s)
[cap 2098] d0=4123681 pm=1864 slots=880000 (24998s)
[cap 2099] d0=4094332 pm=2001 slots=880000 (25008s)
[cap 2100] d0=4099793 pm=1880 slots=880000 (25019s)
[cap 2101] d0=4130734 pm=1944 slots=880000 (25029s)
[cap 2102] d0=4082078 pm=2071 slots=880000 (25039s)
[cap 2103] d0=4115189 pm=1806 slots=880000 (25049s)
[cap 2104] d0=4126029 pm=2172 slots=880000 (25059s)
[cap 2105] d0=4128690 pm=2321 slots=880000 (25070s)
[cap 2106] d0=4126241 pm=2409 slots=880000 (25080s)
[cap 2107] d0=4085866 pm=1863 slots=880000 (25090s)
[cap 2108] d0=4113338 pm=1671 slots=880000 (25100s)
[cap 2109] d0=4091657 pm=1853 slots=880000 (25110s)
[cap 2110] d0=4086358 pm=2129 slots=880000 (25121s)
[cap 2111] d0=4085691 pm=2025 slots=880000 (25131s)
[cap 2112] d0=4111866 pm=2011 slots=880000 (25141s)
[cap 2113] d0=4115249 pm=1970 slots=880000 (25151s)
[cap 2114] d0=4104808 pm=1871 slots=880000 (25162s)
[cap 2115] d0=4098881 pm=2204 slots=880000 (25172s)
[cap 2116] d0=4112983 pm=1939 slots=880000 (25182s)
[cap 2117] d0=4127963 pm=1921 slots=880000 (25192s)
[cap 2118] d0=4133895 pm=2249 slots=880000 (25203s)
[cap 2119] d0=4134342 pm=2347 slots=880000 (25213s)
[cap 2120] d0=4111806 pm=2260 slots=880000 (25223s)
[cap 2121] d0=4117589 pm=2187 slots=880000 (25233s)
[cap 2122] d0=6750186 pm=2569 slots=160000 (25243s)
[cap 2123] d0=4104989 pm=3229 slots=880000 (25292s)
[cap 2124] d0=4119456 pm=2273 slots=880000 (25302s)
[cap 2125] d0=3610300 pm=3289 slots=288000 (25319s)
[cap 2126] d0=2625256 pm=2653 slots=55040 (25325s)
[run twin] 250/300: running acc 99.20 (25325s)
[cap 2127] d0=4120101 pm=1797 slots=879975 (25373s)
[cap 2128] d0=4105102 pm=1514 slots=879975 (25383s)
[cap 2129] d0=4096891 pm=1720 slots=879975 (25393s)
[cap 2130] d0=4112530 pm=1544 slots=879975 (25404s)
[cap 2131] d0=4112425 pm=1479 slots=879975 (25414s)
[cap 2132] d0=4077868 pm=1345 slots=879975 (25424s)
[cap 2133] d0=4086941 pm=1270 slots=879975 (25434s)
[cap 2134] d0=4107549 pm=1460 slots=879975 (25445s)
[cap 2135] d0=4092206 pm=1635 slots=879975 (25455s)
[cap 2136] d0=4124229 pm=2263 slots=879975 (25465s)
[cap 2137] d0=4090844 pm=2103 slots=879975 (25475s)
[cap 2138] d0=4115785 pm=1739 slots=879975 (25486s)
[cap 2139] d0=4104233 pm=1514 slots=879975 (25496s)
[cap 2140] d0=4111320 pm=1724 slots=879975 (25506s)
[cap 2141] d0=4110715 pm=2013 slots=879975 (25516s)
[cap 2142] d0=4126270 pm=1613 slots=879975 (25526s)
[cap 2143] d0=4105504 pm=1384 slots=879975 (25537s)
[cap 2144] d0=4113781 pm=1595 slots=879975 (25547s)
[cap 2145] d0=4124472 pm=2095 slots=879975 (25557s)
[cap 2146] d0=4125429 pm=4093 slots=879975 (25567s)
[cap 2147] d0=4106061 pm=3511 slots=879975 (25578s)
[cap 2148] d0=5473797 pm=5405 slots=336525 (25606s)
[cap 2149] d0=4089804 pm=2533 slots=880000 (25655s)
[cap 2150] d0=4136019 pm=2123 slots=880000 (25665s)
[cap 2151] d0=4086303 pm=1866 slots=880000 (25675s)
[cap 2152] d0=4122313 pm=1944 slots=880000 (25685s)
[cap 2153] d0=4106314 pm=2121 slots=880000 (25696s)
[cap 2154] d0=4129771 pm=2060 slots=880000 (25706s)
[cap 2155] d0=4119973 pm=2120 slots=880000 (25716s)
[cap 2156] d0=4125438 pm=2062 slots=880000 (25726s)
[cap 2157] d0=4094525 pm=2027 slots=880000 (25737s)
[cap 2158] d0=4096318 pm=1976 slots=880000 (25747s)
[cap 2159] d0=4137601 pm=1900 slots=880000 (25757s)
[cap 2160] d0=4087958 pm=1675 slots=880000 (25767s)
[cap 2161] d0=4098599 pm=1743 slots=880000 (25777s)
[cap 2162] d0=4116445 pm=1915 slots=880000 (25788s)
[cap 2163] d0=4087627 pm=2085 slots=880000 (25798s)
[cap 2164] d0=4112485 pm=1891 slots=880000 (25808s)
[cap 2165] d0=4090474 pm=2169 slots=880000 (25818s)
[cap 2166] d0=4090744 pm=1981 slots=880000 (25828s)
[cap 2167] d0=4093999 pm=1850 slots=880000 (25839s)
[cap 2168] d0=4091615 pm=1942 slots=880000 (25849s)
[cap 2169] d0=4114736 pm=1852 slots=880000 (25859s)
[cap 2170] d0=4090146 pm=1803 slots=880000 (25869s)
[cap 2171] d0=4079390 pm=1907 slots=880000 (25880s)
[cap 2172] d0=4124175 pm=1914 slots=880000 (25890s)
[cap 2173] d0=4110612 pm=1882 slots=880000 (25900s)
[cap 2174] d0=4120511 pm=1985 slots=880000 (25910s)
[cap 2175] d0=4109096 pm=1971 slots=880000 (25920s)
[cap 2176] d0=4117050 pm=1978 slots=880000 (25931s)
[cap 2177] d0=4092013 pm=2101 slots=880000 (25941s)
[cap 2178] d0=4088507 pm=1828 slots=880000 (25951s)
[cap 2179] d0=4109474 pm=2078 slots=880000 (25961s)
[cap 2180] d0=4133613 pm=1799 slots=880000 (25972s)
[cap 2181] d0=4087899 pm=2027 slots=880000 (25982s)
[cap 2182] d0=4128710 pm=2059 slots=880000 (25992s)
[cap 2183] d0=4118053 pm=1936 slots=880000 (26002s)
[cap 2184] d0=4105969 pm=1920 slots=880000 (26012s)
[cap 2185] d0=4127004 pm=1882 slots=880000 (26023s)
[cap 2186] d0=4096592 pm=1861 slots=880000 (26033s)
[cap 2187] d0=4133964 pm=1745 slots=880000 (26043s)
[cap 2188] d0=4127554 pm=1876 slots=880000 (26054s)
[cap 2189] d0=4107576 pm=1973 slots=880000 (26064s)
[cap 2190] d0=4105366 pm=2026 slots=880000 (26074s)
[cap 2191] d0=4093465 pm=1940 slots=880000 (26084s)
[cap 2192] d0=4091600 pm=1880 slots=880000 (26094s)
[cap 2193] d0=4092578 pm=1910 slots=880000 (26105s)
[cap 2194] d0=4130600 pm=1859 slots=880000 (26115s)
[cap 2195] d0=4109166 pm=2003 slots=880000 (26125s)
[cap 2196] d0=4101569 pm=1959 slots=880000 (26135s)
[cap 2197] d0=4111455 pm=1971 slots=880000 (26146s)
[cap 2198] d0=4099865 pm=1802 slots=880000 (26156s)
[cap 2199] d0=4113065 pm=1857 slots=880000 (26166s)
[cap 2200] d0=4102313 pm=2002 slots=880000 (26176s)
[cap 2201] d0=4086361 pm=1897 slots=880000 (26187s)
[cap 2202] d0=4086107 pm=2263 slots=880000 (26197s)
[cap 2203] d0=4125559 pm=3166 slots=880000 (26207s)
[cap 2204] d0=4077788 pm=2930 slots=880000 (26217s)
[cap 2205] d0=4092661 pm=3073 slots=880000 (26228s)
[cap 2206] d0=4105439 pm=3656 slots=880000 (26238s)
[cap 2207] d0=1627393 pm=3301 slots=160000 (26248s)
[cap 2208] d0=4126838 pm=3269 slots=880000 (26296s)
[cap 2209] d0=4107885 pm=2056 slots=880000 (26306s)
[cap 2210] d0=3655235 pm=3393 slots=288000 (26322s)
[cap 2211] d0=835335 pm=2520 slots=55040 (26329s)
[run twin] 260/300: running acc 99.23 (26329s)
[cap 2212] d0=4087846 pm=2059 slots=879975 (26377s)
[cap 2213] d0=4090374 pm=2052 slots=879975 (26387s)
[cap 2214] d0=4108624 pm=1811 slots=879975 (26397s)
[cap 2215] d0=4123528 pm=2213 slots=879975 (26407s)
[cap 2216] d0=4122009 pm=1944 slots=879975 (26417s)
[cap 2217] d0=4078037 pm=1465 slots=879975 (26428s)
[cap 2218] d0=4113384 pm=1360 slots=879975 (26438s)
[cap 2219] d0=4121112 pm=1408 slots=879975 (26448s)
[cap 2220] d0=4110351 pm=1909 slots=879975 (26458s)
[cap 2221] d0=4088463 pm=9906 slots=879975 (26469s)
[cap 2222] d0=4107787 pm=1797 slots=879975 (26479s)
[cap 2223] d0=4129615 pm=1900 slots=879975 (26489s)
[cap 2224] d0=4121200 pm=1704 slots=879975 (26499s)
[cap 2225] d0=4105204 pm=1454 slots=879975 (26509s)
[cap 2226] d0=4091107 pm=1426 slots=879975 (26520s)
[cap 2227] d0=4113810 pm=1303 slots=879975 (26530s)
[cap 2228] d0=4116867 pm=1453 slots=879975 (26540s)
[cap 2229] d0=4083210 pm=1613 slots=879975 (26550s)
[cap 2230] d0=4135709 pm=1868 slots=879975 (26561s)
[cap 2231] d0=4106029 pm=1719 slots=879975 (26571s)
[cap 2232] d0=4097604 pm=1425 slots=879975 (26581s)
[cap 2233] d0=5213635 pm=1858 slots=336525 (26611s)
[cap 2234] d0=4093810 pm=2315 slots=880000 (26659s)
[cap 2235] d0=4113750 pm=2165 slots=880000 (26669s)
[cap 2236] d0=4119570 pm=1850 slots=880000 (26679s)
[cap 2237] d0=4117165 pm=1764 slots=880000 (26690s)
[cap 2238] d0=4109348 pm=1915 slots=880000 (26700s)
[cap 2239] d0=4120095 pm=1922 slots=880000 (26710s)
[cap 2240] d0=4111459 pm=2144 slots=880000 (26720s)
[cap 2241] d0=4109341 pm=2024 slots=880000 (26730s)
[cap 2242] d0=4111870 pm=2012 slots=880000 (26741s)
[cap 2243] d0=4088848 pm=2010 slots=880000 (26751s)
[cap 2244] d0=4107393 pm=2176 slots=880000 (26761s)
[cap 2245] d0=4025162 pm=2750 slots=880000 (26802s)
[cap 2246] d0=4123858 pm=2716 slots=880000 (26843s)
[cap 2247] d0=4129598 pm=2134 slots=880000 (26853s)
[cap 2248] d0=4101578 pm=2243 slots=880000 (26863s)
[cap 2249] d0=4111194 pm=1753 slots=880000 (26874s)
[cap 2250] d0=4122700 pm=2051 slots=880000 (26884s)
[cap 2251] d0=4089931 pm=1984 slots=880000 (26894s)
[cap 2252] d0=4133224 pm=2177 slots=880000 (26904s)
[cap 2253] d0=4125978 pm=2020 slots=880000 (26915s)
[cap 2254] d0=4099855 pm=1859 slots=880000 (26925s)
[cap 2255] d0=4127628 pm=1759 slots=880000 (26935s)
[cap 2256] d0=4098732 pm=1939 slots=880000 (26945s)
[cap 2257] d0=4089983 pm=2004 slots=880000 (26955s)
[cap 2258] d0=4122811 pm=3005 slots=880000 (26966s)
[cap 2259] d0=4110173 pm=2894 slots=880000 (26976s)
[cap 2260] d0=4092690 pm=2165 slots=880000 (26986s)
[cap 2261] d0=4098739 pm=2401 slots=880000 (26996s)
[cap 2262] d0=4119718 pm=1903 slots=880000 (27007s)
[cap 2263] d0=4124284 pm=1809 slots=880000 (27017s)
[cap 2264] d0=4105973 pm=1859 slots=880000 (27027s)
[cap 2265] d0=4093057 pm=1802 slots=880000 (27037s)
[cap 2266] d0=4136044 pm=1758 slots=880000 (27048s)
[cap 2267] d0=4123419 pm=1745 slots=880000 (27058s)
[cap 2268] d0=4106463 pm=1630 slots=880000 (27068s)
[cap 2269] d0=4092628 pm=1802 slots=880000 (27078s)
[cap 2270] d0=4131856 pm=2422 slots=880000 (27088s)
[cap 2271] d0=4122818 pm=2283 slots=880000 (27099s)
[cap 2272] d0=4088822 pm=2311 slots=880000 (27109s)
[cap 2273] d0=4089015 pm=1880 slots=880000 (27119s)
[cap 2274] d0=4115863 pm=1818 slots=880000 (27129s)
[cap 2275] d0=4096938 pm=1805 slots=880000 (27140s)
[cap 2276] d0=4096140 pm=1989 slots=880000 (27150s)
[cap 2277] d0=4135695 pm=1980 slots=880000 (27160s)
[cap 2278] d0=4105105 pm=1979 slots=880000 (27170s)
[cap 2279] d0=4089570 pm=1837 slots=880000 (27180s)
[cap 2280] d0=4090553 pm=2012 slots=880000 (27191s)
[cap 2281] d0=4084327 pm=1806 slots=880000 (27201s)
[cap 2282] d0=4101661 pm=1867 slots=880000 (27211s)
[cap 2283] d0=4095479 pm=1775 slots=880000 (27221s)
[cap 2284] d0=4118321 pm=1752 slots=880000 (27231s)
[cap 2285] d0=4122297 pm=1920 slots=880000 (27242s)
[cap 2286] d0=4117201 pm=1879 slots=880000 (27252s)
[cap 2287] d0=4111696 pm=1957 slots=880000 (27262s)
[cap 2288] d0=4115537 pm=2477 slots=880000 (27272s)
[cap 2289] d0=4109250 pm=2350 slots=880000 (27282s)
[cap 2290] d0=4115535 pm=2123 slots=880000 (27293s)
[cap 2291] d0=4139280 pm=2658 slots=880000 (27303s)
[cap 2292] d0=1634595 pm=2801 slots=160000 (27313s)
[cap 2293] d0=4096633 pm=3301 slots=880000 (27362s)
[cap 2294] d0=4075996 pm=2689 slots=880000 (27372s)
[cap 2295] d0=3605269 pm=2870 slots=288000 (27388s)
[cap 2296] d0=2587638 pm=2670 slots=55040 (27394s)
[run twin] 270/300: running acc 99.26 (27394s)
[cap 2297] d0=4111717 pm=2043 slots=879975 (27442s)
[cap 2298] d0=4100148 pm=1992 slots=879975 (27452s)
[cap 2299] d0=4113708 pm=1589 slots=879975 (27462s)
[cap 2300] d0=4121675 pm=1338 slots=879975 (27473s)
[cap 2301] d0=4109753 pm=1351 slots=879975 (27483s)
[cap 2302] d0=4110403 pm=1450 slots=879975 (27493s)
[cap 2303] d0=4117969 pm=1296 slots=879975 (27503s)
[cap 2304] d0=4126840 pm=1395 slots=879975 (27513s)
[cap 2305] d0=4103727 pm=1613 slots=879975 (27524s)
[cap 2306] d0=4074028 pm=2046 slots=879975 (27534s)
[cap 2307] d0=4099949 pm=1373 slots=879975 (27544s)
[cap 2308] d0=4119813 pm=1432 slots=879975 (27554s)
[cap 2309] d0=4087834 pm=1648 slots=879975 (27565s)
[cap 2310] d0=4126718 pm=1331 slots=879975 (27575s)
[cap 2311] d0=4084217 pm=1304 slots=879975 (27585s)
[cap 2312] d0=4126926 pm=1354 slots=879975 (27595s)
[cap 2313] d0=4085783 pm=1385 slots=879975 (27605s)
[cap 2314] d0=4124857 pm=1505 slots=879975 (27616s)
[cap 2315] d0=4082569 pm=2136 slots=879975 (27626s)
[cap 2316] d0=4096597 pm=1442 slots=879975 (27636s)
[cap 2317] d0=4097602 pm=1714 slots=879975 (27646s)
[cap 2318] d0=5102242 pm=2132 slots=336525 (27675s)
[cap 2319] d0=4139796 pm=2621 slots=880000 (27724s)
[cap 2320] d0=4099774 pm=2079 slots=880000 (27734s)
[cap 2321] d0=4132905 pm=1937 slots=880000 (27744s)
[cap 2322] d0=4091758 pm=1891 slots=880000 (27755s)
[cap 2323] d0=4128033 pm=1983 slots=880000 (27765s)
[cap 2324] d0=4125039 pm=1963 slots=880000 (27775s)
[cap 2325] d0=4094022 pm=2059 slots=880000 (27785s)
[cap 2326] d0=4098186 pm=1918 slots=880000 (27795s)
[cap 2327] d0=4127710 pm=1885 slots=880000 (27806s)
[cap 2328] d0=4113068 pm=1894 slots=880000 (27816s)
[cap 2329] d0=4084836 pm=1913 slots=880000 (27826s)
[cap 2330] d0=4124286 pm=1670 slots=880000 (27837s)
[cap 2331] d0=4112847 pm=1687 slots=880000 (27847s)
[cap 2332] d0=4143887 pm=1711 slots=880000 (27857s)
[cap 2333] d0=4111804 pm=1745 slots=880000 (27867s)
[cap 2334] d0=4094634 pm=1757 slots=880000 (27878s)
[cap 2335] d0=4082318 pm=1835 slots=880000 (27888s)
[cap 2336] d0=4115475 pm=2073 slots=880000 (27898s)
[cap 2337] d0=4112511 pm=1877 slots=880000 (27908s)
[cap 2338] d0=4135842 pm=2012 slots=880000 (27918s)
[cap 2339] d0=4117043 pm=1913 slots=880000 (27929s)
[cap 2340] d0=4119571 pm=1773 slots=880000 (27939s)
[cap 2341] d0=4109068 pm=1943 slots=880000 (27949s)
[cap 2342] d0=4112856 pm=1970 slots=880000 (27960s)
[cap 2343] d0=4085304 pm=1973 slots=880000 (27970s)
[cap 2344] d0=4120795 pm=4521 slots=880000 (27980s)
[cap 2345] d0=4085387 pm=4894 slots=880000 (27990s)
[cap 2346] d0=4098127 pm=2509 slots=880000 (28000s)
[cap 2347] d0=4111695 pm=1857 slots=880000 (28011s)
[cap 2348] d0=4107467 pm=1980 slots=880000 (28021s)
[cap 2349] d0=4084604 pm=2074 slots=880000 (28031s)
[cap 2350] d0=4131454 pm=1909 slots=880000 (28041s)
[cap 2351] d0=4117352 pm=2234 slots=880000 (28052s)
[cap 2352] d0=4084409 pm=2702 slots=880000 (28062s)
[cap 2353] d0=4128976 pm=2049 slots=880000 (28072s)
[cap 2354] d0=4080310 pm=1830 slots=880000 (28082s)
[cap 2355] d0=4093363 pm=3415 slots=880000 (28093s)
[cap 2356] d0=4118436 pm=3886 slots=880000 (28103s)
[cap 2357] d0=4091317 pm=3396 slots=880000 (28113s)
[cap 2358] d0=4091646 pm=2034 slots=880000 (28123s)
[cap 2359] d0=4091576 pm=2045 slots=880000 (28134s)
[cap 2360] d0=4127986 pm=2024 slots=880000 (28144s)
[cap 2361] d0=4101794 pm=1904 slots=880000 (28154s)
[cap 2362] d0=4118934 pm=1770 slots=880000 (28164s)
[cap 2363] d0=4088800 pm=1820 slots=880000 (28174s)
[cap 2364] d0=4123101 pm=1813 slots=880000 (28185s)
[cap 2365] d0=4101196 pm=1916 slots=880000 (28195s)
[cap 2366] d0=4111089 pm=1834 slots=880000 (28205s)
[cap 2367] d0=4101895 pm=2004 slots=880000 (28215s)
[cap 2368] d0=4126839 pm=2043 slots=880000 (28225s)
[cap 2369] d0=4128532 pm=1824 slots=880000 (28236s)
[cap 2370] d0=4099123 pm=1937 slots=880000 (28246s)
[cap 2371] d0=4124290 pm=2125 slots=880000 (28256s)
[cap 2372] d0=4086264 pm=2051 slots=880000 (28266s)
[cap 2373] d0=4097227 pm=2217 slots=880000 (28276s)
[cap 2374] d0=4090390 pm=2007 slots=880000 (28287s)
[cap 2375] d0=4125504 pm=1937 slots=880000 (28297s)
[cap 2376] d0=4120613 pm=2028 slots=880000 (28307s)
[cap 2377] d0=6763874 pm=2468 slots=160000 (28317s)
[cap 2378] d0=4077561 pm=3151 slots=880000 (28365s)
[cap 2379] d0=4091142 pm=3010 slots=880000 (28375s)
[cap 2380] d0=3607234 pm=3316 slots=288000 (28392s)
[cap 2381] d0=806144 pm=2652 slots=55040 (28398s)
[run twin] 280/300: running acc 99.29 (28398s)
[cap 2382] d0=4131369 pm=2167 slots=879975 (28448s)
[cap 2383] d0=4128164 pm=1710 slots=879975 (28458s)
[cap 2384] d0=4120030 pm=1595 slots=879975 (28468s)
[cap 2385] d0=4090365 pm=1583 slots=879975 (28478s)
[cap 2386] d0=4095110 pm=1518 slots=879975 (28489s)
[cap 2387] d0=4132146 pm=1558 slots=879975 (28499s)
[cap 2388] d0=4091446 pm=1426 slots=879975 (28509s)
[cap 2389] d0=4109220 pm=1431 slots=879975 (28519s)
[cap 2390] d0=4102875 pm=1508 slots=879975 (28530s)
[cap 2391] d0=4111661 pm=1537 slots=879975 (28540s)
[cap 2392] d0=4080874 pm=1522 slots=879975 (28550s)
[cap 2393] d0=4113679 pm=1870 slots=879975 (28560s)
[cap 2394] d0=4096620 pm=1880 slots=879975 (28570s)
[cap 2395] d0=4095050 pm=1650 slots=879975 (28581s)
[cap 2396] d0=4127963 pm=1635 slots=879975 (28591s)
[cap 2397] d0=4102195 pm=1559 slots=879975 (28601s)
[cap 2398] d0=4097180 pm=1579 slots=879975 (28611s)
[cap 2399] d0=4108826 pm=1477 slots=879975 (28621s)
[cap 2400] d0=4124775 pm=1456 slots=879975 (28632s)
[cap 2401] d0=4104409 pm=1401 slots=879975 (28642s)
[cap 2402] d0=4121172 pm=1335 slots=879975 (28652s)
[cap 2403] d0=5792243 pm=2120 slots=336525 (28681s)
[cap 2404] d0=4129972 pm=2630 slots=880000 (28730s)
[cap 2405] d0=4113839 pm=2053 slots=880000 (28740s)
[cap 2406] d0=4107228 pm=1940 slots=880000 (28750s)
[cap 2407] d0=4118867 pm=2073 slots=880000 (28761s)
[cap 2408] d0=4125933 pm=1973 slots=880000 (28771s)
[cap 2409] d0=4090879 pm=1998 slots=880000 (28781s)
[cap 2410] d0=4099775 pm=1811 slots=880000 (28791s)
[cap 2411] d0=4112936 pm=1886 slots=880000 (28802s)
[cap 2412] d0=4105943 pm=1918 slots=880000 (28812s)
[cap 2413] d0=4129740 pm=1950 slots=880000 (28822s)
[cap 2414] d0=4103492 pm=1851 slots=880000 (28832s)
[cap 2415] d0=4114352 pm=2052 slots=880000 (28842s)
[cap 2416] d0=4104086 pm=2306 slots=880000 (28853s)
[cap 2417] d0=4128832 pm=2322 slots=880000 (28863s)
[cap 2418] d0=4126078 pm=2343 slots=880000 (28873s)
[cap 2419] d0=4078405 pm=2208 slots=880000 (28883s)
[cap 2420] d0=4110454 pm=2287 slots=880000 (28894s)
[cap 2421] d0=4087476 pm=2249 slots=880000 (28904s)
[cap 2422] d0=4110363 pm=1941 slots=880000 (28914s)
[cap 2423] d0=4108023 pm=2037 slots=880000 (28924s)
[cap 2424] d0=4103636 pm=1876 slots=880000 (28935s)
[cap 2425] d0=4099963 pm=1797 slots=880000 (28945s)
[cap 2426] d0=4085691 pm=2074 slots=880000 (28955s)
[cap 2427] d0=4122393 pm=1985 slots=880000 (28965s)
[cap 2428] d0=4115486 pm=2008 slots=880000 (28975s)
[cap 2429] d0=4101812 pm=2140 slots=880000 (28986s)
[cap 2430] d0=4080541 pm=2616 slots=880000 (28996s)
[cap 2431] d0=4118190 pm=1957 slots=880000 (29006s)
[cap 2432] d0=4090185 pm=2158 slots=880000 (29016s)
[cap 2433] d0=4085074 pm=1900 slots=880000 (29027s)
[cap 2434] d0=4089934 pm=1866 slots=880000 (29037s)
[cap 2435] d0=4112315 pm=1816 slots=880000 (29047s)
[cap 2436] d0=4117708 pm=2007 slots=880000 (29057s)
[cap 2437] d0=4130713 pm=1921 slots=880000 (29068s)
[cap 2438] d0=4084584 pm=1688 slots=880000 (29078s)
[cap 2439] d0=4110349 pm=1988 slots=880000 (29088s)
[cap 2440] d0=4112088 pm=2209 slots=880000 (29098s)
[cap 2441] d0=4119891 pm=2232 slots=880000 (29109s)
[cap 2442] d0=4092381 pm=2073 slots=880000 (29119s)
[cap 2443] d0=4105812 pm=2129 slots=880000 (29129s)
[cap 2444] d0=4124542 pm=1929 slots=880000 (29139s)
[cap 2445] d0=4085405 pm=1805 slots=880000 (29149s)
[cap 2446] d0=4121930 pm=1939 slots=880000 (29160s)
[cap 2447] d0=4086537 pm=1712 slots=880000 (29170s)
[cap 2448] d0=4109177 pm=1690 slots=880000 (29180s)
[cap 2449] d0=4115456 pm=1745 slots=880000 (29190s)
[cap 2450] d0=4127476 pm=2125 slots=880000 (29200s)
[cap 2451] d0=4119010 pm=1955 slots=880000 (29211s)
[cap 2452] d0=4109239 pm=2005 slots=880000 (29221s)
[cap 2453] d0=4088121 pm=2042 slots=880000 (29231s)
[cap 2454] d0=4099311 pm=1939 slots=880000 (29241s)
[cap 2455] d0=4099434 pm=1966 slots=880000 (29252s)
[cap 2456] d0=4087409 pm=2021 slots=880000 (29262s)
[cap 2457] d0=4134790 pm=1766 slots=880000 (29272s)
[cap 2458] d0=4094791 pm=1919 slots=880000 (29282s)
[cap 2459] d0=4126837 pm=1945 slots=880000 (29292s)
[cap 2460] d0=4118709 pm=1911 slots=880000 (29303s)
[cap 2461] d0=4102688 pm=1949 slots=880000 (29313s)
[cap 2462] d0=6759590 pm=2439 slots=160000 (29323s)
[cap 2463] d0=4112811 pm=3195 slots=880000 (29371s)
[cap 2464] d0=4104903 pm=2815 slots=880000 (29382s)
[cap 2465] d0=3628426 pm=3074 slots=288000 (29398s)
[cap 2466] d0=841361 pm=2640 slots=55040 (29404s)
[run twin] 290/300: running acc 99.31 (29404s)
[cap 2467] d0=4128448 pm=2928 slots=879975 (29452s)
[cap 2468] d0=4101726 pm=2350 slots=879975 (29462s)
[cap 2469] d0=4083643 pm=1449 slots=879975 (29472s)
[cap 2470] d0=4122711 pm=1289 slots=879975 (29482s)
[cap 2471] d0=4089634 pm=1389 slots=879975 (29493s)
[cap 2472] d0=4082765 pm=1473 slots=879975 (29503s)
[cap 2473] d0=4080601 pm=1416 slots=879975 (29513s)
[cap 2474] d0=4099420 pm=1593 slots=879975 (29523s)
[cap 2475] d0=4084798 pm=1939 slots=879975 (29534s)
[cap 2476] d0=4118718 pm=1924 slots=879975 (29544s)
[cap 2477] d0=4098794 pm=2001 slots=879975 (29554s)
[cap 2478] d0=4104276 pm=1626 slots=879975 (29564s)
[cap 2479] d0=4090994 pm=1502 slots=879975 (29574s)
[cap 2480] d0=4104670 pm=1763 slots=879975 (29585s)
[cap 2481] d0=4111393 pm=1798 slots=879975 (29595s)
[cap 2482] d0=4097452 pm=1635 slots=879975 (29605s)
[cap 2483] d0=4108367 pm=2147 slots=879975 (29615s)
[cap 2484] d0=4085822 pm=2131 slots=879975 (29625s)
[cap 2485] d0=4129219 pm=1552 slots=879975 (29636s)
[cap 2486] d0=4095912 pm=1602 slots=879975 (29646s)
[cap 2487] d0=4091275 pm=1657 slots=879975 (29656s)
[cap 2488] d0=6006659 pm=2004 slots=336525 (29685s)
[cap 2489] d0=4100351 pm=2460 slots=880000 (29733s)
[cap 2490] d0=4080881 pm=1875 slots=880000 (29744s)
[cap 2491] d0=4115535 pm=1880 slots=880000 (29754s)
[cap 2492] d0=4125529 pm=1975 slots=880000 (29764s)
[cap 2493] d0=4089889 pm=2021 slots=880000 (29774s)
[cap 2494] d0=4096254 pm=1855 slots=880000 (29784s)
[cap 2495] d0=4111566 pm=1826 slots=880000 (29795s)
[cap 2496] d0=4108345 pm=1868 slots=880000 (29805s)
[cap 2497] d0=4106383 pm=1937 slots=880000 (29815s)
[cap 2498] d0=4121542 pm=2110 slots=880000 (29825s)
[cap 2499] d0=4115902 pm=2013 slots=880000 (29836s)
[cap 2500] d0=4092979 pm=1879 slots=880000 (29846s)
[cap 2501] d0=4131869 pm=1813 slots=880000 (29856s)
[cap 2502] d0=4091556 pm=1890 slots=880000 (29866s)
[cap 2503] d0=4111274 pm=1891 slots=880000 (29877s)
[cap 2504] d0=4087083 pm=1957 slots=880000 (29887s)
[cap 2505] d0=4113143 pm=1910 slots=880000 (29897s)
[cap 2506] d0=4087604 pm=1859 slots=880000 (29907s)
[cap 2507] d0=4102705 pm=1898 slots=880000 (29917s)
[cap 2508] d0=4086447 pm=1872 slots=880000 (29928s)
[cap 2509] d0=4126417 pm=1842 slots=880000 (29938s)
[cap 2510] d0=4123228 pm=1706 slots=880000 (29948s)
[cap 2511] d0=4101142 pm=1898 slots=880000 (29958s)
[cap 2512] d0=4100824 pm=1976 slots=880000 (29969s)
[cap 2513] d0=4127593 pm=1890 slots=880000 (29979s)
[cap 2514] d0=4109604 pm=1805 slots=880000 (29989s)
[cap 2515] d0=4104158 pm=1893 slots=880000 (29999s)
[cap 2516] d0=4086363 pm=1777 slots=880000 (30009s)
[cap 2517] d0=4095679 pm=1765 slots=880000 (30020s)
[cap 2518] d0=4109319 pm=2173 slots=880000 (30030s)
[cap 2519] d0=4097577 pm=2435 slots=880000 (30040s)
[cap 2520] d0=4091060 pm=2005 slots=880000 (30050s)
[cap 2521] d0=4129183 pm=2002 slots=880000 (30061s)
[cap 2522] d0=4124240 pm=2226 slots=880000 (30071s)
[cap 2523] d0=4092081 pm=2138 slots=880000 (30081s)
[cap 2524] d0=4093833 pm=1961 slots=880000 (30091s)
[cap 2525] d0=4080050 pm=1913 slots=880000 (30101s)
[cap 2526] d0=4083289 pm=1770 slots=880000 (30112s)
[cap 2527] d0=4125387 pm=1971 slots=880000 (30122s)
[cap 2528] d0=4127720 pm=1940 slots=880000 (30132s)
[cap 2529] d0=4089440 pm=2008 slots=880000 (30142s)
[cap 2530] d0=4084502 pm=2363 slots=880000 (30152s)
[cap 2531] d0=4118863 pm=1839 slots=880000 (30163s)
[cap 2532] d0=4112932 pm=1792 slots=880000 (30173s)
[cap 2533] d0=4100278 pm=1945 slots=880000 (30183s)
[cap 2534] d0=4109364 pm=1985 slots=880000 (30193s)
[cap 2535] d0=4136815 pm=1957 slots=880000 (30203s)
[cap 2536] d0=4127744 pm=1883 slots=880000 (30214s)
[cap 2537] d0=4131814 pm=1924 slots=880000 (30224s)
[cap 2538] d0=4131216 pm=1957 slots=880000 (30234s)
[cap 2539] d0=4094189 pm=1715 slots=880000 (30244s)
[cap 2540] d0=4095438 pm=1892 slots=880000 (30255s)
[cap 2541] d0=4127241 pm=1785 slots=880000 (30265s)
[cap 2542] d0=4114261 pm=1761 slots=880000 (30275s)
[cap 2543] d0=4110634 pm=1996 slots=880000 (30285s)
[cap 2544] d0=4116446 pm=1917 slots=880000 (30296s)
[cap 2545] d0=4102946 pm=1805 slots=880000 (30306s)
[cap 2546] d0=4097208 pm=1962 slots=880000 (30316s)
[cap 2547] d0=6769589 pm=2273 slots=160000 (30326s)
[cap 2548] d0=4109103 pm=3034 slots=880000 (30374s)
[cap 2549] d0=4120844 pm=3057 slots=880000 (30384s)
[cap 2550] d0=3637647 pm=2953 slots=288000 (30400s)
[cap 2551] d0=816362 pm=2542 slots=55040 (30407s)
[run twin] 300/300: running acc 99.33 (30407s)
[run twin] [300:600] FINAL: 99.33
[twin] saved
