[INFO] [UHD] linux; GNU C++ version 11.4.0; Boost_107400; UHD_4.10.0.0-0ubuntu1~jammy1
[INFO] [X300] X300 initialization sequence...
[INFO] [X300] Maximum frame size: 8000 bytes.
[INFO] [X300] Maximum frame size: 8000 bytes.
[INFO] [X300] Radio 1x clock: 200 MHz
[INFO] [X300] X300 initialization sequence...
[INFO] [X300] Maximum frame size: 8000 bytes.
[INFO] [X300] Maximum frame size: 8000 bytes.
[INFO] [X300] Radio 1x clock: 200 MHz
[WARNING] [0/Radio#1] Attempting to set tick rate to 0. Skipping.
[WARNING] [0/Radio#0] Attempting to set tick rate to 0. Skipping.
[rig-check] own session claim honored (token match): ['/home/miwen/miwen_hwrun_20260802/IN_USE']
[rig-check] rig appears free (no UHD/experiment processes, no claim files).
[gr] RX ref_locked=True (10 MHz 外参)
[gate] first capture: peak 0.352 FS (ref 0.335) pm=1765 d0=4600014
[cap 1] d0=4600014 pm=1765 slots=150000 (15s)
[packtest] |g|=0.1159 (ref 0.1155) resid=0.527 (band (0.3, 0.75)) (15s)
[cal clean] reloaded frozen calibration
[cap 2] d0=4099254 pm=2307 slots=879975 (69s)
[cap 3] d0=4086469 pm=1743 slots=879975 (80s)
[cap 4] d0=4110490 pm=1886 slots=879975 (90s)
[cap 5] d0=4089902 pm=1974 slots=879975 (101s)
[cap 6] d0=4106517 pm=1810 slots=879975 (111s)
[cap 7] d0=4119793 pm=1923 slots=879975 (122s)
[cap 8] d0=4123774 pm=1608 slots=879975 (132s)
[cap 9] d0=4112590 pm=1519 slots=879975 (143s)
[cap 10] d0=4114561 pm=1648 slots=879975 (154s)
[cap 11] d0=4091711 pm=1886 slots=879975 (164s)
[cap 12] d0=4105587 pm=3865 slots=879975 (174s)
[cap 13] d0=4081115 pm=3505 slots=879975 (185s)
[cap 14] d0=4111563 pm=1655 slots=879975 (195s)
[cap 15] d0=4108956 pm=1649 slots=879975 (206s)
[cap 16] d0=4131676 pm=1993 slots=879975 (216s)
[cap 17] d0=4088448 pm=2210 slots=879975 (227s)
[cap 18] d0=4100461 pm=1858 slots=879975 (237s)
[cap 19] d0=4127788 pm=1660 slots=879975 (248s)
[cap 20] d0=4130279 pm=1605 slots=879975 (258s)
[cap 21] d0=4082138 pm=1631 slots=879975 (268s)
[cap 22] d0=4107206 pm=2355 slots=879975 (279s)
[cap 23] d0=5642484 pm=2706 slots=336525 (308s)
[cap 24] d0=4128155 pm=2638 slots=880000 (357s)
[cap 25] d0=4095249 pm=2145 slots=880000 (368s)
[cap 26] d0=4109887 pm=1989 slots=880000 (378s)
[cap 27] d0=4094055 pm=2066 slots=880000 (388s)
[cap 28] d0=4124275 pm=1890 slots=880000 (399s)
[cap 29] d0=4091193 pm=2086 slots=880000 (409s)
[cap 30] d0=4094910 pm=2395 slots=880000 (419s)
[cap 31] d0=4121929 pm=2048 slots=880000 (429s)
[cap 32] d0=4097564 pm=2171 slots=880000 (440s)
[cap 33] d0=4127041 pm=2292 slots=880000 (450s)
[cap 34] d0=4109606 pm=2055 slots=880000 (460s)
[cap 35] d0=4086364 pm=2001 slots=880000 (470s)
[cap 36] d0=4092064 pm=1908 slots=880000 (481s)
[cap 37] d0=4123561 pm=2027 slots=880000 (491s)
[cap 38] d0=4132449 pm=2094 slots=880000 (501s)
[cap 39] d0=4083162 pm=2281 slots=880000 (511s)
[cap 40] d0=4108943 pm=2101 slots=880000 (521s)
[cap 41] d0=4102304 pm=2006 slots=880000 (532s)
[cap 42] d0=4124650 pm=2060 slots=880000 (542s)
[cap 43] d0=4136221 pm=2069 slots=880000 (552s)
[cap 44] d0=4137603 pm=1852 slots=880000 (562s)
[cap 45] d0=4117843 pm=2015 slots=880000 (573s)
[cap 46] d0=4123616 pm=2079 slots=880000 (583s)
[cap 47] d0=4107719 pm=1986 slots=880000 (593s)
[cap 48] d0=4100554 pm=2138 slots=880000 (603s)
[cap 49] d0=4101600 pm=2289 slots=880000 (613s)
[cap 50] d0=4093507 pm=2122 slots=880000 (624s)
[cap 51] d0=4114932 pm=2084 slots=880000 (634s)
[cap 52] d0=4098994 pm=2050 slots=880000 (644s)
[cap 53] d0=4117165 pm=2095 slots=880000 (654s)
[cap 54] d0=4123756 pm=2103 slots=880000 (665s)
[cap 55] d0=4097015 pm=2262 slots=880000 (675s)
[cap 56] d0=4118221 pm=2244 slots=880000 (685s)
[cap 57] d0=4113221 pm=2104 slots=880000 (695s)
[cap 58] d0=4108682 pm=1866 slots=880000 (705s)
[cap 59] d0=4132720 pm=2133 slots=880000 (716s)
[cap 60] d0=4082270 pm=1943 slots=880000 (726s)
[cap 61] d0=4120701 pm=2239 slots=880000 (736s)
[cap 62] d0=4107945 pm=2314 slots=880000 (746s)
[cap 63] d0=4123890 pm=1924 slots=880000 (756s)
[cap 64] d0=4093013 pm=2161 slots=880000 (767s)
[cap 65] d0=4089929 pm=2254 slots=880000 (777s)
[cap 66] d0=4126945 pm=2050 slots=880000 (787s)
[cap 67] d0=4117131 pm=1997 slots=880000 (797s)
[cap 68] d0=4100977 pm=2023 slots=880000 (808s)
[cap 69] d0=4087505 pm=2079 slots=880000 (818s)
[cap 70] d0=4115727 pm=2048 slots=880000 (828s)
[cap 71] d0=4088425 pm=2234 slots=880000 (838s)
[cap 72] d0=4131674 pm=2093 slots=880000 (849s)
[cap 73] d0=4126942 pm=2005 slots=880000 (859s)
[cap 74] d0=4137122 pm=2030 slots=880000 (869s)
[cap 75] d0=4079917 pm=2163 slots=880000 (879s)
[cap 76] d0=4104616 pm=2102 slots=880000 (890s)
[cap 77] d0=4102099 pm=2223 slots=880000 (900s)
[cap 78] d0=4132207 pm=2166 slots=880000 (910s)
[cap 79] d0=4129356 pm=2029 slots=880000 (920s)
[cap 80] d0=4094913 pm=2162 slots=880000 (931s)
[cap 81] d0=4106542 pm=2359 slots=880000 (941s)
[cap 82] d0=1636388 pm=2697 slots=160000 (951s)
[cap 83] d0=4079283 pm=3174 slots=880000 (999s)
[cap 84] d0=4132211 pm=2525 slots=880000 (1009s)
[cap 85] d0=3649056 pm=3225 slots=288000 (1026s)
[cap 86] d0=2596045 pm=2048 slots=55040 (1032s)
[run clean] 10/300: running acc 0.00 (1032s)
[cap 87] d0=4077797 pm=2276 slots=879975 (1080s)
[cap 88] d0=4127635 pm=3130 slots=879975 (1090s)
[cap 89] d0=4109173 pm=2234 slots=879975 (1100s)
[cap 90] d0=4125383 pm=1695 slots=879975 (1110s)
[cap 91] d0=4105612 pm=1599 slots=879975 (1120s)
[cap 92] d0=4099049 pm=1591 slots=879975 (1131s)
[cap 93] d0=4109123 pm=1998 slots=879975 (1141s)
[cap 94] d0=4088824 pm=1872 slots=879975 (1151s)
[cap 95] d0=4114908 pm=1747 slots=879975 (1161s)
[cap 96] d0=4109176 pm=1880 slots=879975 (1171s)
[cap 97] d0=4097531 pm=2069 slots=879975 (1182s)
[cap 98] d0=4086041 pm=2592 slots=879975 (1192s)
[cap 99] d0=4103656 pm=1820 slots=879975 (1202s)
[cap 100] d0=4120118 pm=1709 slots=879975 (1212s)
[cap 101] d0=4110058 pm=1621 slots=879975 (1223s)
[cap 102] d0=4092913 pm=1648 slots=879975 (1233s)
[cap 103] d0=4111762 pm=1632 slots=879975 (1243s)
[cap 104] d0=4099031 pm=1544 slots=879975 (1253s)
[cap 105] d0=4080342 pm=1549 slots=879975 (1264s)
[cap 106] d0=4119959 pm=4383 slots=879975 (1274s)
[cap 107] d0=4076686 pm=5069 slots=879975 (1284s)
[cap 108] d0=12777808 pm=2224 slots=336525 (1314s)
[cap 109] d0=4123741 pm=2739 slots=880000 (1363s)
[cap 110] d0=4095105 pm=2152 slots=880000 (1373s)
[cap 111] d0=4101957 pm=2002 slots=880000 (1383s)
[cap 112] d0=4112115 pm=2110 slots=880000 (1394s)
[cap 113] d0=4088356 pm=1950 slots=880000 (1404s)
[cap 114] d0=4118496 pm=1974 slots=880000 (1414s)
[cap 115] d0=4095465 pm=2178 slots=880000 (1424s)
[cap 116] d0=4092266 pm=2007 slots=880000 (1434s)
[cap 117] d0=4109948 pm=2235 slots=880000 (1445s)
[cap 118] d0=4103655 pm=2262 slots=880000 (1455s)
[cap 119] d0=4115322 pm=1991 slots=880000 (1465s)
[cap 120] d0=4112470 pm=2118 slots=880000 (1475s)
[cap 121] d0=4098249 pm=2163 slots=880000 (1485s)
[cap 122] d0=4128233 pm=2091 slots=880000 (1496s)
[cap 123] d0=4110295 pm=2094 slots=880000 (1506s)
[cap 124] d0=4127377 pm=2159 slots=880000 (1516s)
[cap 125] d0=4087467 pm=2044 slots=880000 (1526s)
[cap 126] d0=4132859 pm=1961 slots=880000 (1536s)
[cap 127] d0=4093606 pm=1888 slots=880000 (1547s)
[cap 128] d0=4128582 pm=2095 slots=880000 (1557s)
[cap 129] d0=4088607 pm=1936 slots=880000 (1567s)
[cap 130] d0=4098445 pm=1993 slots=880000 (1577s)
[cap 131] d0=4095830 pm=2145 slots=880000 (1587s)
[cap 132] d0=4105808 pm=1968 slots=880000 (1598s)
[cap 133] d0=4091953 pm=2138 slots=880000 (1608s)
[cap 134] d0=4119433 pm=2399 slots=880000 (1618s)
[cap 135] d0=4112131 pm=2099 slots=880000 (1628s)
[cap 136] d0=4078660 pm=2105 slots=880000 (1639s)
[cap 137] d0=4093913 pm=1941 slots=880000 (1649s)
[cap 138] d0=4096454 pm=2102 slots=880000 (1659s)
[cap 139] d0=4110815 pm=2086 slots=880000 (1669s)
[cap 140] d0=4110621 pm=2124 slots=880000 (1679s)
[cap 141] d0=4131617 pm=2192 slots=880000 (1690s)
[cap 142] d0=4115534 pm=2008 slots=880000 (1700s)
[cap 143] d0=4121582 pm=1882 slots=880000 (1710s)
[cap 144] d0=4079132 pm=1982 slots=880000 (1720s)
[cap 145] d0=4095440 pm=1816 slots=880000 (1731s)
[cap 146] d0=4102005 pm=1985 slots=880000 (1741s)
[cap 147] d0=4107472 pm=2059 slots=880000 (1751s)
[cap 148] d0=4107866 pm=1904 slots=880000 (1761s)
[cap 149] d0=4123631 pm=2201 slots=880000 (1771s)
[cap 150] d0=4102794 pm=2200 slots=880000 (1782s)
[cap 151] d0=4108710 pm=2102 slots=880000 (1792s)
[cap 152] d0=4088763 pm=2064 slots=880000 (1802s)
[cap 153] d0=4095853 pm=2155 slots=880000 (1812s)
[cap 154] d0=4121214 pm=2127 slots=880000 (1822s)
[cap 155] d0=4107670 pm=2213 slots=880000 (1833s)
[cap 156] d0=4126348 pm=2249 slots=880000 (1843s)
[cap 157] d0=4125054 pm=2160 slots=880000 (1853s)
[cap 158] d0=4137218 pm=2001 slots=880000 (1863s)
[cap 159] d0=4127420 pm=1952 slots=880000 (1873s)
[cap 160] d0=4094127 pm=2092 slots=880000 (1884s)
[cap 161] d0=4125777 pm=2296 slots=880000 (1894s)
[cap 162] d0=4092198 pm=2608 slots=880000 (1904s)
[cap 163] d0=4107269 pm=2158 slots=880000 (1914s)
[cap 164] d0=4112490 pm=1920 slots=880000 (1924s)
[cap 165] d0=4112180 pm=2242 slots=880000 (1935s)
[cap 166] d0=4111275 pm=2267 slots=880000 (1945s)
[cap 167] d0=6752706 pm=2577 slots=160000 (1955s)
[cap 168] d0=4080567 pm=3066 slots=880000 (2003s)
[cap 169] d0=4114447 pm=2371 slots=880000 (2013s)
[cap 170] d0=3612170 pm=3109 slots=288000 (2030s)
[cap 171] d0=829300 pm=2061 slots=55040 (2036s)
[run clean] 20/300: running acc 0.00 (2036s)
[cap 172] d0=4090851 pm=2685 slots=879975 (2084s)
[cap 173] d0=4107739 pm=2360 slots=879975 (2094s)
[cap 174] d0=4108053 pm=1985 slots=879975 (2104s)
[cap 175] d0=4096336 pm=1550 slots=879975 (2114s)
[cap 176] d0=4090257 pm=1432 slots=879975 (2124s)
[cap 177] d0=4098415 pm=1483 slots=879975 (2135s)
[cap 178] d0=4098452 pm=1391 slots=879975 (2145s)
[cap 179] d0=4108765 pm=1687 slots=879975 (2155s)
[cap 180] d0=4078996 pm=1855 slots=879975 (2165s)
[cap 181] d0=4097308 pm=2237 slots=879975 (2176s)
[cap 182] d0=4084574 pm=2107 slots=879975 (2186s)
[cap 183] d0=4118356 pm=1455 slots=879975 (2196s)
[cap 184] d0=4125444 pm=1591 slots=879975 (2206s)
[cap 185] d0=4100652 pm=1849 slots=879975 (2216s)
[cap 186] d0=4086114 pm=1527 slots=879975 (2227s)
[cap 187] d0=4074533 pm=1877 slots=879975 (2237s)
[cap 188] d0=4096175 pm=1728 slots=879975 (2247s)
[cap 189] d0=4106962 pm=2122 slots=879975 (2257s)
[cap 190] d0=4126951 pm=3854 slots=879975 (2267s)
[cap 191] d0=4084990 pm=4768 slots=879975 (2278s)
[cap 192] d0=4131858 pm=1932 slots=879975 (2288s)
[cap 193] d0=5811915 pm=2518 slots=336525 (2317s)
[cap 194] d0=4106737 pm=2665 slots=880000 (2365s)
[cap 195] d0=4132853 pm=2047 slots=880000 (2375s)
[cap 196] d0=4115669 pm=1898 slots=880000 (2386s)
[cap 197] d0=4091917 pm=2067 slots=880000 (2396s)
[cap 198] d0=4127946 pm=2006 slots=880000 (2406s)
[cap 199] d0=4108050 pm=2135 slots=880000 (2416s)
[cap 200] d0=4106153 pm=2126 slots=880000 (2426s)
[cap 201] d0=4128585 pm=2023 slots=880000 (2437s)
[cap 202] d0=4094475 pm=2108 slots=880000 (2447s)
[cap 203] d0=4106539 pm=2203 slots=880000 (2457s)
[cap 204] d0=4117172 pm=2085 slots=880000 (2467s)
[cap 205] d0=4105293 pm=2064 slots=880000 (2478s)
[cap 206] d0=4105257 pm=2067 slots=880000 (2488s)
[cap 207] d0=4090549 pm=1965 slots=880000 (2498s)
[cap 208] d0=4126058 pm=1909 slots=880000 (2508s)
[cap 209] d0=4128778 pm=2226 slots=880000 (2518s)
[cap 210] d0=4096420 pm=2119 slots=880000 (2529s)
[cap 211] d0=4099289 pm=2026 slots=880000 (2539s)
[cap 212] d0=4120286 pm=1989 slots=880000 (2549s)
[cap 213] d0=4125544 pm=2038 slots=880000 (2559s)
[cap 214] d0=4083881 pm=1881 slots=880000 (2569s)
[cap 215] d0=4117044 pm=1887 slots=880000 (2579s)
[cap 216] d0=4121543 pm=2056 slots=880000 (2590s)
[cap 217] d0=4079969 pm=2011 slots=880000 (2600s)
[cap 218] d0=4111933 pm=2111 slots=880000 (2610s)
[cap 219] d0=4090937 pm=2170 slots=880000 (2621s)
[cap 220] d0=4094281 pm=2080 slots=880000 (2631s)
[cap 221] d0=4093167 pm=2074 slots=880000 (2641s)
[cap 222] d0=4085586 pm=2056 slots=880000 (2651s)
[cap 223] d0=4081835 pm=2089 slots=880000 (2661s)
[cap 224] d0=4095609 pm=2010 slots=880000 (2672s)
[cap 225] d0=4131941 pm=2028 slots=880000 (2682s)
[cap 226] d0=4104166 pm=2044 slots=880000 (2692s)
[cap 227] d0=4083937 pm=2124 slots=880000 (2702s)
[cap 228] d0=4105961 pm=2102 slots=880000 (2713s)
[cap 229] d0=4083815 pm=2132 slots=880000 (2723s)
[cap 230] d0=4129308 pm=2174 slots=880000 (2733s)
[cap 231] d0=4119390 pm=2175 slots=880000 (2743s)
[cap 232] d0=4099529 pm=2360 slots=880000 (2753s)
[cap 233] d0=4081278 pm=2112 slots=880000 (2764s)
[cap 234] d0=4112085 pm=2089 slots=880000 (2774s)
[cap 235] d0=4089741 pm=2206 slots=880000 (2784s)
[cap 236] d0=4083475 pm=2031 slots=880000 (2794s)
[cap 237] d0=4100543 pm=2049 slots=880000 (2804s)
[cap 238] d0=4115396 pm=2036 slots=880000 (2815s)
[cap 239] d0=4082660 pm=2075 slots=880000 (2825s)
[cap 240] d0=4114737 pm=1859 slots=880000 (2835s)
[cap 241] d0=4124468 pm=2090 slots=880000 (2845s)
[cap 242] d0=4085061 pm=1949 slots=880000 (2856s)
[cap 243] d0=4108972 pm=1952 slots=880000 (2866s)
[cap 244] d0=4122591 pm=2007 slots=880000 (2876s)
[cap 245] d0=4122901 pm=2199 slots=880000 (2886s)
[cap 246] d0=4133753 pm=1842 slots=880000 (2897s)
[cap 247] d0=4100868 pm=2110 slots=880000 (2907s)
[cap 248] d0=4109096 pm=2181 slots=880000 (2917s)
[cap 249] d0=4110386 pm=1973 slots=880000 (2927s)
[cap 250] d0=4110550 pm=2132 slots=880000 (2938s)
[cap 251] d0=4132747 pm=2271 slots=880000 (2948s)
[cap 252] d0=6745827 pm=2520 slots=160000 (2958s)
[cap 253] d0=4114425 pm=3124 slots=880000 (3006s)
[cap 254] d0=4082763 pm=2475 slots=880000 (3016s)
[cap 255] d0=3619595 pm=3107 slots=288000 (3033s)
[cap 256] d0=841320 pm=2064 slots=55040 (3039s)
[run clean] 30/300: running acc 3.33 (3039s)
[cap 257] d0=4106347 pm=2261 slots=879975 (3087s)
[cap 258] d0=4085593 pm=1805 slots=879975 (3097s)
[cap 259] d0=4110081 pm=1582 slots=879975 (3107s)
[cap 260] d0=4102887 pm=1567 slots=879975 (3117s)
[cap 261] d0=4097792 pm=1474 slots=879975 (3128s)
[cap 262] d0=4124475 pm=1498 slots=879975 (3138s)
[cap 263] d0=4109006 pm=1544 slots=879975 (3148s)
[cap 264] d0=4116616 pm=1717 slots=879975 (3158s)
[cap 265] d0=4094745 pm=1546 slots=879975 (3168s)
[cap 266] d0=4090878 pm=1486 slots=879975 (3179s)
[cap 267] d0=4083466 pm=1476 slots=879975 (3189s)
[cap 268] d0=4083688 pm=1686 slots=879975 (3199s)
[cap 269] d0=4095411 pm=2766 slots=879975 (3209s)
[cap 270] d0=4104067 pm=1869 slots=879975 (3220s)
[cap 271] d0=4081262 pm=1650 slots=879975 (3230s)
[cap 272] d0=4104925 pm=4824 slots=879975 (3240s)
[cap 273] d0=4108735 pm=3070 slots=879975 (3250s)
[cap 274] d0=4086449 pm=2671 slots=879975 (3260s)
[cap 275] d0=4115054 pm=1853 slots=879975 (3271s)
[cap 276] d0=4087255 pm=1975 slots=879975 (3281s)
[cap 277] d0=4084658 pm=3100 slots=879975 (3291s)
[cap 278] d0=5170359 pm=2412 slots=336525 (3320s)
[cap 279] d0=4071288 pm=2599 slots=880000 (3368s)
[cap 280] d0=4104677 pm=1998 slots=880000 (3379s)
[cap 281] d0=4107313 pm=1891 slots=880000 (3389s)
[cap 282] d0=4131709 pm=2031 slots=880000 (3399s)
[cap 283] d0=4116219 pm=1938 slots=880000 (3409s)
[cap 284] d0=4134853 pm=2000 slots=880000 (3420s)
[cap 285] d0=4106122 pm=2183 slots=880000 (3430s)
[cap 286] d0=4095979 pm=1919 slots=880000 (3440s)
[cap 287] d0=4083146 pm=2207 slots=880000 (3450s)
[cap 288] d0=4105597 pm=2308 slots=880000 (3460s)
[cap 289] d0=4115042 pm=2007 slots=880000 (3471s)
[cap 290] d0=4086324 pm=1981 slots=880000 (3481s)
[cap 291] d0=4093172 pm=2066 slots=880000 (3491s)
[cap 292] d0=4085009 pm=2065 slots=880000 (3501s)
[cap 293] d0=4102770 pm=2012 slots=880000 (3512s)
[cap 294] d0=4099283 pm=2131 slots=880000 (3522s)
[cap 295] d0=4116978 pm=2143 slots=880000 (3532s)
[cap 296] d0=4090295 pm=2142 slots=880000 (3542s)
[cap 297] d0=4104687 pm=2098 slots=880000 (3553s)
[cap 298] d0=4097469 pm=2005 slots=880000 (3563s)
[cap 299] d0=4089986 pm=1895 slots=880000 (3573s)
[cap 300] d0=4100619 pm=2049 slots=880000 (3583s)
[cap 301] d0=4128220 pm=2083 slots=880000 (3594s)
[cap 302] d0=4094315 pm=1952 slots=880000 (3604s)
[cap 303] d0=4082315 pm=2252 slots=880000 (3614s)
[cap 304] d0=4080155 pm=2318 slots=880000 (3624s)
[cap 305] d0=4103126 pm=2125 slots=880000 (3634s)
[cap 306] d0=4094597 pm=2000 slots=880000 (3645s)
[cap 307] d0=4084728 pm=2034 slots=880000 (3655s)
[cap 308] d0=4132670 pm=2817 slots=880000 (3665s)
[cap 309] d0=4086904 pm=2640 slots=880000 (3675s)
[cap 310] d0=4095113 pm=2514 slots=880000 (3686s)
[cap 311] d0=4084303 pm=2401 slots=880000 (3696s)
[cap 312] d0=4120089 pm=2695 slots=880000 (3706s)
[cap 313] d0=4137901 pm=2091 slots=880000 (3716s)
[cap 314] d0=4107630 pm=2100 slots=880000 (3726s)
[cap 315] d0=4101663 pm=1894 slots=880000 (3737s)
[cap 316] d0=4093474 pm=2051 slots=880000 (3747s)
[cap 317] d0=4131388 pm=1900 slots=880000 (3757s)
[cap 318] d0=4105328 pm=1865 slots=880000 (3767s)
[cap 319] d0=4093945 pm=2229 slots=880000 (3778s)
[cap 320] d0=4129751 pm=2264 slots=880000 (3788s)
[cap 321] d0=4102312 pm=1999 slots=880000 (3798s)
[cap 322] d0=4092892 pm=2156 slots=880000 (3808s)
[cap 323] d0=4117658 pm=2393 slots=880000 (3818s)
[cap 324] d0=4114237 pm=2331 slots=880000 (3829s)
[cap 325] d0=4091849 pm=2259 slots=880000 (3839s)
[cap 326] d0=4095451 pm=2230 slots=880000 (3849s)
[cap 327] d0=4129496 pm=2292 slots=880000 (3859s)
[cap 328] d0=4102990 pm=2089 slots=880000 (3869s)
Ousrp_source :error: In the last 3863965 ms, 1 overflows occurred.
[cap 329] d0=4089630 pm=1896 slots=880000 (3880s)
[cap 330] d0=4102646 pm=2112 slots=880000 (3890s)
[cap 331] d0=4092831 pm=1954 slots=880000 (3900s)
[cap 332] d0=4100429 pm=2198 slots=880000 (3910s)
[cap 333] d0=4130472 pm=2021 slots=880000 (3920s)
[cap 334] d0=4106771 pm=1933 slots=880000 (3931s)
[cap 335] d0=4115354 pm=2215 slots=880000 (3941s)
[cap 336] d0=4099347 pm=2209 slots=880000 (3951s)
[cap 337] d0=6756890 pm=2525 slots=160000 (3961s)
[cap 338] d0=4105149 pm=3096 slots=880000 (4010s)
[cap 339] d0=4093108 pm=2514 slots=880000 (4020s)
[cap 340] d0=3609046 pm=3091 slots=288000 (4036s)
[cap 341] d0=830277 pm=2055 slots=55040 (4042s)
[run clean] 40/300: running acc 5.00 (4042s)
[cap 342] d0=4117326 pm=2147 slots=879975 (4090s)
[cap 343] d0=4105871 pm=1711 slots=879975 (4101s)
[cap 344] d0=4082710 pm=1562 slots=879975 (4111s)
[cap 345] d0=4103179 pm=1833 slots=879975 (4121s)
[cap 346] d0=4105555 pm=1585 slots=879975 (4131s)
[cap 347] d0=4108247 pm=1569 slots=879975 (4141s)
[cap 348] d0=4134134 pm=1391 slots=879975 (4152s)
[cap 349] d0=4101627 pm=1492 slots=879975 (4162s)
[cap 350] d0=4095471 pm=1731 slots=879975 (4172s)
[cap 351] d0=4123560 pm=2267 slots=879975 (4182s)
[cap 352] d0=4113077 pm=2454 slots=879975 (4192s)
[cap 353] d0=4103932 pm=1888 slots=879975 (4203s)
[cap 354] d0=4100698 pm=1428 slots=879975 (4213s)
[cap 355] d0=4109737 pm=1566 slots=879975 (4223s)
[cap 356] d0=4119405 pm=1559 slots=879975 (4233s)
[cap 357] d0=4103531 pm=1827 slots=879975 (4243s)
[cap 358] d0=4101243 pm=3471 slots=879975 (4254s)
[cap 359] d0=4091883 pm=3347 slots=879975 (4264s)
[cap 360] d0=4122153 pm=1948 slots=879975 (4274s)
[cap 361] d0=4100586 pm=2141 slots=879975 (4284s)
[cap 362] d0=4111549 pm=3835 slots=879975 (4294s)
[cap 363] d0=5175538 pm=2552 slots=336525 (4323s)
[cap 364] d0=4125930 pm=2577 slots=880000 (4372s)
[cap 365] d0=4108734 pm=2062 slots=880000 (4383s)
[cap 366] d0=4106784 pm=1941 slots=880000 (4393s)
[cap 367] d0=4101106 pm=2083 slots=880000 (4403s)
[cap 368] d0=4096119 pm=1907 slots=880000 (4413s)
[cap 369] d0=4118448 pm=2110 slots=880000 (4423s)
[cap 370] d0=4111165 pm=2121 slots=880000 (4433s)
[cap 371] d0=4133470 pm=2022 slots=880000 (4444s)
[cap 372] d0=4127895 pm=2242 slots=880000 (4454s)
[cap 373] d0=4129079 pm=2270 slots=880000 (4464s)
[cap 374] d0=4081616 pm=2037 slots=880000 (4474s)
[cap 375] d0=4106656 pm=2022 slots=880000 (4485s)
[cap 376] d0=4114205 pm=1965 slots=880000 (4495s)
[cap 377] d0=4085823 pm=1867 slots=880000 (4505s)
[cap 378] d0=4126985 pm=1904 slots=880000 (4515s)
[cap 379] d0=4125383 pm=2154 slots=880000 (4525s)
[cap 380] d0=4094727 pm=2113 slots=880000 (4536s)
[cap 381] d0=4121209 pm=1990 slots=880000 (4546s)
[cap 382] d0=4100522 pm=1907 slots=880000 (4556s)
[cap 383] d0=4115469 pm=2072 slots=880000 (4566s)
[cap 384] d0=4099024 pm=1933 slots=880000 (4577s)
[cap 385] d0=4086066 pm=2059 slots=880000 (4587s)
[cap 386] d0=4121258 pm=2117 slots=880000 (4597s)
[cap 387] d0=4083980 pm=1993 slots=880000 (4607s)
[cap 388] d0=4098440 pm=2205 slots=880000 (4617s)
[cap 389] d0=4128353 pm=2313 slots=880000 (4628s)
[cap 390] d0=4086174 pm=2036 slots=880000 (4638s)
[cap 391] d0=4128859 pm=2135 slots=880000 (4648s)
[cap 392] d0=4108196 pm=2070 slots=880000 (4658s)
[cap 393] d0=4117492 pm=2118 slots=880000 (4668s)
[cap 394] d0=4085086 pm=2100 slots=880000 (4679s)
[cap 395] d0=4083687 pm=2242 slots=880000 (4689s)
[cap 396] d0=4094032 pm=2208 slots=880000 (4699s)
[cap 397] d0=4127202 pm=2046 slots=880000 (4709s)
[cap 398] d0=4102329 pm=1966 slots=880000 (4720s)
[cap 399] d0=4119595 pm=2157 slots=880000 (4730s)
[cap 400] d0=4093535 pm=2007 slots=880000 (4740s)
[cap 401] d0=4107039 pm=2102 slots=880000 (4750s)
[cap 402] d0=4101245 pm=2251 slots=880000 (4761s)
[cap 403] d0=4117128 pm=2042 slots=880000 (4771s)
[cap 404] d0=4138075 pm=2318 slots=880000 (4781s)
[cap 405] d0=4122759 pm=2280 slots=880000 (4791s)
[cap 406] d0=4101433 pm=2046 slots=880000 (4801s)
[cap 407] d0=4095338 pm=2449 slots=880000 (4812s)
[cap 408] d0=4129836 pm=2351 slots=880000 (4822s)
[cap 409] d0=4119857 pm=2218 slots=880000 (4832s)
[cap 410] d0=4123975 pm=2077 slots=880000 (4842s)
[cap 411] d0=4087861 pm=2178 slots=880000 (4852s)
[cap 412] d0=4092342 pm=2020 slots=880000 (4863s)
[cap 413] d0=4102803 pm=1908 slots=880000 (4873s)
[cap 414] d0=4104437 pm=1850 slots=880000 (4883s)
[cap 415] d0=4121756 pm=2046 slots=880000 (4893s)
[cap 416] d0=4083633 pm=1904 slots=880000 (4903s)
[cap 417] d0=4100068 pm=2210 slots=880000 (4914s)
[cap 418] d0=4081930 pm=2190 slots=880000 (4924s)
[cap 419] d0=4093668 pm=1994 slots=880000 (4934s)
[cap 420] d0=4094429 pm=2226 slots=880000 (4944s)
[cap 421] d0=4096913 pm=2275 slots=880000 (4955s)
[cap 422] d0=1634036 pm=2592 slots=160000 (4965s)
[cap 423] d0=4102218 pm=3138 slots=880000 (5013s)
[cap 424] d0=4097299 pm=2369 slots=880000 (5023s)
[cap 425] d0=3629917 pm=3045 slots=288000 (5040s)
[cap 426] d0=2603028 pm=2055 slots=55040 (5046s)
[run clean] 50/300: running acc 6.00 (5046s)
[cap 427] d0=4122659 pm=2273 slots=879975 (5094s)
[cap 428] d0=4133155 pm=1736 slots=879975 (5104s)
[cap 429] d0=4084742 pm=1946 slots=879975 (5114s)
[cap 430] d0=4079017 pm=1531 slots=879975 (5124s)
[cap 431] d0=4081837 pm=1401 slots=879975 (5135s)
[cap 432] d0=4111155 pm=1499 slots=879975 (5145s)
[cap 433] d0=4116187 pm=1320 slots=879975 (5155s)
[cap 434] d0=4128660 pm=1844 slots=879975 (5166s)
[cap 435] d0=4090525 pm=2290 slots=879975 (5176s)
[cap 436] d0=4096178 pm=1880 slots=879975 (5186s)
[cap 437] d0=4098139 pm=3401 slots=879975 (5196s)
[cap 438] d0=4099734 pm=2688 slots=879975 (5206s)
[cap 439] d0=4106964 pm=1694 slots=879975 (5216s)
[cap 440] d0=4079901 pm=1790 slots=879975 (5227s)
[cap 441] d0=4113302 pm=1601 slots=879975 (5237s)
[cap 442] d0=4118304 pm=1533 slots=879975 (5247s)
[cap 443] d0=4110769 pm=1652 slots=879975 (5257s)
[cap 444] d0=4095323 pm=1763 slots=879975 (5267s)
[cap 445] d0=4127574 pm=1646 slots=879975 (5278s)
[cap 446] d0=4100814 pm=2024 slots=879975 (5288s)
[cap 447] d0=4106339 pm=2231 slots=879975 (5298s)
[cap 448] d0=5546252 pm=3005 slots=336525 (5327s)
[cap 449] d0=4091985 pm=2659 slots=880000 (5376s)
[cap 450] d0=4102129 pm=2228 slots=880000 (5386s)
[cap 451] d0=4085559 pm=2104 slots=880000 (5396s)
[cap 452] d0=4104344 pm=2123 slots=880000 (5406s)
[cap 453] d0=4081103 pm=1983 slots=880000 (5416s)
[cap 454] d0=4088240 pm=2121 slots=880000 (5427s)
[cap 455] d0=4123669 pm=2082 slots=880000 (5437s)
[cap 456] d0=4122949 pm=2030 slots=880000 (5447s)
[cap 457] d0=4084289 pm=2247 slots=880000 (5457s)
[cap 458] d0=4098118 pm=2297 slots=880000 (5468s)
[cap 459] d0=4092686 pm=1988 slots=880000 (5478s)
[cap 460] d0=4123050 pm=2152 slots=880000 (5488s)
[cap 461] d0=4117418 pm=2053 slots=880000 (5498s)
[cap 462] d0=4085593 pm=1915 slots=880000 (5509s)
[cap 463] d0=4112538 pm=1934 slots=880000 (5519s)
[cap 464] d0=4125038 pm=2174 slots=880000 (5529s)
[cap 465] d0=4095202 pm=2116 slots=880000 (5539s)
[cap 466] d0=4091711 pm=2124 slots=880000 (5550s)
[cap 467] d0=4095942 pm=1983 slots=880000 (5560s)
[cap 468] d0=4104343 pm=2141 slots=880000 (5570s)
[cap 469] d0=4115484 pm=2024 slots=880000 (5580s)
[cap 470] d0=4079907 pm=2384 slots=880000 (5591s)
[cap 471] d0=4079203 pm=2012 slots=880000 (5601s)
[cap 472] d0=4113011 pm=2105 slots=880000 (5611s)
[cap 473] d0=4085852 pm=2141 slots=880000 (5622s)
[cap 474] d0=4094235 pm=2214 slots=880000 (5632s)
[cap 475] d0=4096611 pm=2015 slots=880000 (5642s)
[cap 476] d0=4082678 pm=2035 slots=880000 (5652s)
[cap 477] d0=4115316 pm=1900 slots=880000 (5663s)
[cap 478] d0=4081998 pm=1914 slots=880000 (5673s)
[cap 479] d0=4126496 pm=1962 slots=880000 (5683s)
[cap 480] d0=4125006 pm=2254 slots=880000 (5693s)
[cap 481] d0=4114362 pm=2243 slots=880000 (5703s)
[cap 482] d0=4128262 pm=2037 slots=880000 (5714s)
[cap 483] d0=4087754 pm=1946 slots=880000 (5724s)
[cap 484] d0=4080342 pm=2089 slots=880000 (5734s)
[cap 485] d0=4109633 pm=1960 slots=880000 (5744s)
[cap 486] d0=4089195 pm=2097 slots=880000 (5755s)
[cap 487] d0=4100625 pm=2107 slots=880000 (5765s)
[cap 488] d0=4087769 pm=2007 slots=880000 (5775s)
[cap 489] d0=4119240 pm=2196 slots=880000 (5785s)
[cap 490] d0=4101068 pm=2183 slots=880000 (5795s)
[cap 491] d0=4087543 pm=2007 slots=880000 (5806s)
[cap 492] d0=4080042 pm=2039 slots=880000 (5816s)
[cap 493] d0=4094756 pm=2081 slots=880000 (5826s)
[cap 494] d0=4122446 pm=2211 slots=880000 (5836s)
[cap 495] d0=4087773 pm=2181 slots=880000 (5846s)
[cap 496] d0=4096966 pm=2372 slots=880000 (5857s)
[cap 497] d0=4080687 pm=2334 slots=880000 (5867s)
[cap 498] d0=4109621 pm=1906 slots=880000 (5877s)
[cap 499] d0=4132590 pm=1976 slots=880000 (5887s)
[cap 500] d0=4126676 pm=2069 slots=880000 (5897s)
[cap 501] d0=4116903 pm=1930 slots=880000 (5908s)
[cap 502] d0=4118198 pm=2066 slots=880000 (5918s)
[cap 503] d0=4104015 pm=2154 slots=880000 (5928s)
[cap 504] d0=4090002 pm=1948 slots=880000 (5938s)
[cap 505] d0=4101974 pm=2129 slots=880000 (5949s)
[cap 506] d0=4113858 pm=2161 slots=880000 (5959s)
[cap 507] d0=1590045 pm=2523 slots=160000 (5969s)
[cap 508] d0=4083550 pm=3285 slots=880000 (6017s)
[cap 509] d0=4104600 pm=2364 slots=880000 (6028s)
[cap 510] d0=3612648 pm=3136 slots=288000 (6044s)
[cap 511] d0=845264 pm=2022 slots=55040 (6050s)
[run clean] 60/300: running acc 5.00 (6050s)
[cap 512] d0=4133556 pm=3005 slots=879975 (6098s)
[cap 513] d0=4133582 pm=2017 slots=879975 (6109s)
[cap 514] d0=4093172 pm=2418 slots=879975 (6119s)
[cap 515] d0=4099601 pm=1727 slots=879975 (6129s)
[cap 516] d0=4123346 pm=1375 slots=879975 (6139s)
[cap 517] d0=4122892 pm=1552 slots=879975 (6149s)
[cap 518] d0=4083759 pm=1824 slots=879975 (6160s)
[cap 519] d0=4092363 pm=1725 slots=879975 (6170s)
[cap 520] d0=4107597 pm=1795 slots=879975 (6180s)
[cap 521] d0=4128108 pm=1556 slots=879975 (6190s)
[cap 522] d0=4111686 pm=1437 slots=879975 (6201s)
[cap 523] d0=4083175 pm=1579 slots=879975 (6211s)
[cap 524] d0=4130359 pm=1771 slots=879975 (6221s)
[cap 525] d0=4119441 pm=1926 slots=879975 (6231s)
[cap 526] d0=4105974 pm=2672 slots=879975 (6242s)
[cap 527] d0=4098432 pm=3129 slots=879975 (6252s)
[cap 528] d0=4108837 pm=2488 slots=879975 (6262s)
[cap 529] d0=4102771 pm=2608 slots=879975 (6272s)
[cap 530] d0=4107291 pm=2216 slots=879975 (6283s)
[cap 531] d0=4078611 pm=2583 slots=879975 (6293s)
[cap 532] d0=4109513 pm=1650 slots=879975 (6303s)
[cap 533] d0=5124934 pm=2280 slots=336525 (6332s)
[cap 534] d0=4129185 pm=2643 slots=880000 (6381s)
[cap 535] d0=4133789 pm=1971 slots=880000 (6391s)
[cap 536] d0=4113120 pm=1889 slots=880000 (6401s)
[cap 537] d0=4081815 pm=2018 slots=880000 (6411s)
[cap 538] d0=4092528 pm=1903 slots=880000 (6422s)
[cap 539] d0=4093926 pm=2069 slots=880000 (6432s)
[cap 540] d0=4109486 pm=2210 slots=880000 (6442s)
[cap 541] d0=4080808 pm=2125 slots=880000 (6452s)
[cap 542] d0=4098285 pm=2212 slots=880000 (6463s)
[cap 543] d0=4137957 pm=2300 slots=880000 (6473s)
[cap 544] d0=4118949 pm=2079 slots=880000 (6483s)
[cap 545] d0=4130941 pm=2087 slots=880000 (6493s)
[cap 546] d0=4115724 pm=1981 slots=880000 (6503s)
[cap 547] d0=4130001 pm=2149 slots=880000 (6514s)
[cap 548] d0=4095620 pm=2146 slots=880000 (6524s)
[cap 549] d0=4094305 pm=2087 slots=880000 (6534s)
[cap 550] d0=4104034 pm=2133 slots=880000 (6544s)
[cap 551] d0=4096833 pm=2067 slots=880000 (6555s)
[cap 552] d0=4113962 pm=2131 slots=880000 (6565s)
[cap 553] d0=4076601 pm=2235 slots=880000 (6575s)
[cap 554] d0=4127159 pm=2068 slots=880000 (6585s)
[cap 555] d0=4118534 pm=2063 slots=880000 (6595s)
[cap 556] d0=4119064 pm=2261 slots=880000 (6606s)
[cap 557] d0=4124301 pm=1996 slots=880000 (6616s)
[cap 558] d0=4077633 pm=2002 slots=880000 (6626s)
[cap 559] d0=4084511 pm=2343 slots=880000 (6636s)
[cap 560] d0=4077287 pm=2013 slots=880000 (6647s)
[cap 561] d0=4101206 pm=1979 slots=880000 (6657s)
[cap 562] d0=4086882 pm=2046 slots=880000 (6667s)
[cap 563] d0=4119729 pm=2183 slots=880000 (6677s)
[cap 564] d0=4119563 pm=2179 slots=880000 (6687s)
[cap 565] d0=4105730 pm=2128 slots=880000 (6698s)
[cap 566] d0=4128324 pm=2230 slots=880000 (6708s)
[cap 567] d0=4096961 pm=2102 slots=880000 (6718s)
[cap 568] d0=4113711 pm=1990 slots=880000 (6728s)
[cap 569] d0=4086625 pm=2044 slots=880000 (6738s)
[cap 570] d0=4099089 pm=1832 slots=880000 (6749s)
[cap 571] d0=4115963 pm=1963 slots=880000 (6759s)
[cap 572] d0=4108684 pm=2112 slots=880000 (6769s)
[cap 573] d0=4083485 pm=2036 slots=880000 (6779s)
[cap 574] d0=4081176 pm=2238 slots=880000 (6789s)
[cap 575] d0=4085783 pm=2625 slots=880000 (6800s)
[cap 576] d0=4121473 pm=2068 slots=880000 (6810s)
[cap 577] d0=4095531 pm=1894 slots=880000 (6820s)
[cap 578] d0=4106165 pm=1993 slots=880000 (6830s)
[cap 579] d0=4129428 pm=2314 slots=880000 (6840s)
[cap 580] d0=4107112 pm=2251 slots=880000 (6851s)
[cap 581] d0=4102637 pm=2152 slots=880000 (6861s)
[cap 582] d0=4083659 pm=2099 slots=880000 (6871s)
[cap 583] d0=4122262 pm=2015 slots=880000 (6882s)
[cap 584] d0=4108398 pm=1884 slots=880000 (6892s)
[cap 585] d0=4104312 pm=2130 slots=880000 (6902s)
[cap 586] d0=4125038 pm=1902 slots=880000 (6912s)
[cap 587] d0=4086675 pm=2098 slots=880000 (6923s)
[cap 588] d0=4137739 pm=2084 slots=880000 (6933s)
[cap 589] d0=4095392 pm=1922 slots=880000 (6943s)
[cap 590] d0=4105825 pm=2158 slots=880000 (6953s)
[cap 591] d0=4111969 pm=2227 slots=880000 (6963s)
[cap 592] d0=6767000 pm=2577 slots=160000 (6974s)
[cap 593] d0=4079581 pm=3123 slots=880000 (7022s)
[cap 594] d0=4085262 pm=2409 slots=880000 (7032s)
[cap 595] d0=3645388 pm=3028 slots=288000 (7048s)
[cap 596] d0=856811 pm=2057 slots=55040 (7054s)
[run clean] 70/300: running acc 4.29 (7054s)
[cap 597] d0=4091651 pm=2402 slots=879975 (7102s)
[cap 598] d0=4126627 pm=1464 slots=879975 (7112s)
[cap 599] d0=4126042 pm=1555 slots=879975 (7123s)
[cap 600] d0=4126173 pm=1533 slots=879975 (7133s)
[cap 601] d0=4122120 pm=1602 slots=879975 (7143s)
[cap 602] d0=4109553 pm=1618 slots=879975 (7153s)
[cap 603] d0=4120814 pm=1393 slots=879975 (7163s)
[cap 604] d0=4094257 pm=1483 slots=879975 (7174s)
[cap 605] d0=4098530 pm=2591 slots=879975 (7184s)
[cap 606] d0=4082445 pm=6501 slots=879975 (7194s)
[cap 607] d0=4093801 pm=1816 slots=879975 (7204s)
[cap 608] d0=4096456 pm=1552 slots=879975 (7215s)
[cap 609] d0=4106378 pm=1608 slots=879975 (7225s)
[cap 610] d0=4082337 pm=1604 slots=879975 (7235s)
[cap 611] d0=4090095 pm=1644 slots=879975 (7245s)
[cap 612] d0=4128775 pm=1617 slots=879975 (7255s)
[cap 613] d0=4115776 pm=1697 slots=879975 (7266s)
[cap 614] d0=4091671 pm=1535 slots=879975 (7276s)
[cap 615] d0=4116411 pm=1534 slots=879975 (7286s)
[cap 616] d0=4131632 pm=4620 slots=879975 (7296s)
[cap 617] d0=4122920 pm=2237 slots=879975 (7307s)
[cap 618] d0=7770436 pm=5120 slots=336525 (7335s)
[cap 619] d0=4100874 pm=2555 slots=880000 (7385s)
[cap 620] d0=4093756 pm=2040 slots=880000 (7395s)
[cap 621] d0=4109715 pm=1958 slots=880000 (7405s)
[cap 622] d0=4099989 pm=2047 slots=880000 (7416s)
[cap 623] d0=4094638 pm=1886 slots=880000 (7426s)
[cap 624] d0=4094289 pm=2056 slots=880000 (7436s)
[cap 625] d0=4090821 pm=2106 slots=880000 (7446s)
[cap 626] d0=4096525 pm=2034 slots=880000 (7456s)
[cap 627] d0=4097958 pm=2049 slots=880000 (7467s)
[cap 628] d0=4103503 pm=2131 slots=880000 (7477s)
[cap 629] d0=4093377 pm=1950 slots=880000 (7487s)
[cap 630] d0=4259899 pm=2582 slots=880000 (7528s)
[cap 631] d0=4106669 pm=2569 slots=880000 (7568s)
[cap 632] d0=4109229 pm=2092 slots=880000 (7579s)
[cap 633] d0=4127729 pm=2022 slots=880000 (7589s)
[cap 634] d0=4084252 pm=2257 slots=880000 (7599s)
[cap 635] d0=4100924 pm=2124 slots=880000 (7609s)
[cap 636] d0=4079665 pm=2022 slots=880000 (7620s)
[cap 637] d0=4113174 pm=2328 slots=880000 (7630s)
[cap 638] d0=4079696 pm=2215 slots=880000 (7640s)
[cap 639] d0=4120260 pm=1907 slots=880000 (7650s)
[cap 640] d0=4092952 pm=2051 slots=880000 (7660s)
[cap 641] d0=4118090 pm=2172 slots=880000 (7671s)
[cap 642] d0=4103953 pm=2058 slots=880000 (7681s)
[cap 643] d0=4091228 pm=2290 slots=880000 (7691s)
[cap 644] d0=4090639 pm=2321 slots=880000 (7701s)
[cap 645] d0=4101927 pm=1940 slots=880000 (7712s)
[cap 646] d0=4099146 pm=2022 slots=880000 (7722s)
[cap 647] d0=4123211 pm=1930 slots=880000 (7732s)
[cap 648] d0=4100550 pm=1964 slots=880000 (7742s)
[cap 649] d0=4102111 pm=2276 slots=880000 (7753s)
[cap 650] d0=4101630 pm=2253 slots=880000 (7763s)
[cap 651] d0=4097350 pm=2238 slots=880000 (7773s)
[cap 652] d0=4119323 pm=2139 slots=880000 (7783s)
[cap 653] d0=4131121 pm=2121 slots=880000 (7794s)
[cap 654] d0=4106241 pm=2183 slots=880000 (7804s)
[cap 655] d0=4105679 pm=1902 slots=880000 (7814s)
[cap 656] d0=4095235 pm=2081 slots=880000 (7824s)
[cap 657] d0=4094756 pm=2130 slots=880000 (7834s)
[cap 658] d0=4125490 pm=2023 slots=880000 (7845s)
[cap 659] d0=4100035 pm=2155 slots=880000 (7855s)
[cap 660] d0=4092048 pm=2220 slots=880000 (7865s)
[cap 661] d0=4091862 pm=1950 slots=880000 (7875s)
[cap 662] d0=4096056 pm=2028 slots=880000 (7885s)
[cap 663] d0=4124191 pm=1927 slots=880000 (7896s)
[cap 664] d0=4123554 pm=2065 slots=880000 (7906s)
[cap 665] d0=4123830 pm=2050 slots=880000 (7916s)
[cap 666] d0=4119637 pm=2125 slots=880000 (7926s)
[cap 667] d0=4087547 pm=1988 slots=880000 (7937s)
[cap 668] d0=4105747 pm=2006 slots=880000 (7947s)
[cap 669] d0=4131391 pm=2066 slots=880000 (7957s)
[cap 670] d0=4092488 pm=2046 slots=880000 (7967s)
[cap 671] d0=4084595 pm=1913 slots=880000 (7977s)
[cap 672] d0=4102792 pm=2328 slots=880000 (7988s)
[cap 673] d0=4120109 pm=2379 slots=880000 (7998s)
[cap 674] d0=4126685 pm=2221 slots=880000 (8008s)
[cap 675] d0=4121579 pm=2401 slots=880000 (8018s)
[cap 676] d0=4122570 pm=2552 slots=880000 (8029s)
[cap 677] d0=6744056 pm=2810 slots=160000 (8039s)
[cap 678] d0=4106979 pm=3070 slots=880000 (8089s)
[cap 679] d0=4124817 pm=2248 slots=880000 (8099s)
[cap 680] d0=3610011 pm=3321 slots=288000 (8115s)
[cap 681] d0=2595543 pm=2000 slots=55040 (8121s)
[run clean] 80/300: running acc 5.00 (8121s)
[cap 682] d0=4136172 pm=2596 slots=879975 (8169s)
[cap 683] d0=4121442 pm=2457 slots=879975 (8179s)
[cap 684] d0=4095851 pm=2996 slots=879975 (8190s)
[cap 685] d0=4089595 pm=1501 slots=879975 (8200s)
[cap 686] d0=4109376 pm=1621 slots=879975 (8210s)
[cap 687] d0=4083655 pm=1708 slots=879975 (8220s)
[cap 688] d0=4110242 pm=1509 slots=879975 (8230s)
[cap 689] d0=4120536 pm=1636 slots=879975 (8241s)
[cap 690] d0=4115224 pm=1815 slots=879975 (8251s)
[cap 691] d0=4099880 pm=1932 slots=879975 (8261s)
[cap 692] d0=4088641 pm=1810 slots=879975 (8271s)
[cap 693] d0=4079338 pm=1612 slots=879975 (8281s)
[cap 694] d0=4091220 pm=2371 slots=879975 (8292s)
[cap 695] d0=4104337 pm=1653 slots=879975 (8302s)
[cap 696] d0=4082490 pm=1780 slots=879975 (8312s)
[cap 697] d0=4091996 pm=2823 slots=879975 (8322s)
[cap 698] d0=4116112 pm=3619 slots=879975 (8332s)
[cap 699] d0=4121322 pm=2048 slots=879975 (8342s)
[cap 700] d0=4119613 pm=1663 slots=879975 (8353s)
[cap 701] d0=4080692 pm=1819 slots=879975 (8363s)
[cap 702] d0=4102092 pm=1970 slots=879975 (8373s)
[cap 703] d0=11802232 pm=2144 slots=336525 (8403s)
[cap 704] d0=4105554 pm=2584 slots=880000 (8451s)
[cap 705] d0=4104300 pm=1983 slots=880000 (8461s)
[cap 706] d0=4123861 pm=2000 slots=880000 (8472s)
[cap 707] d0=4108953 pm=2137 slots=880000 (8482s)
[cap 708] d0=4118483 pm=1836 slots=880000 (8492s)
[cap 709] d0=4109679 pm=2128 slots=880000 (8502s)
[cap 710] d0=4105580 pm=2215 slots=880000 (8513s)
[cap 711] d0=4124786 pm=2062 slots=880000 (8523s)
[cap 712] d0=4096381 pm=2242 slots=880000 (8533s)
[cap 713] d0=4117300 pm=2332 slots=880000 (8543s)
[cap 714] d0=4105211 pm=2025 slots=880000 (8553s)
[cap 715] d0=4109466 pm=2041 slots=880000 (8564s)
[cap 716] d0=4109134 pm=2085 slots=880000 (8574s)
[cap 717] d0=4099354 pm=2165 slots=880000 (8584s)
[cap 718] d0=4088676 pm=2314 slots=880000 (8594s)
[cap 719] d0=4082155 pm=2106 slots=880000 (8604s)
[cap 720] d0=4084241 pm=2143 slots=880000 (8615s)
[cap 721] d0=4081683 pm=2073 slots=880000 (8625s)
[cap 722] d0=4112253 pm=2185 slots=880000 (8635s)
[cap 723] d0=4089124 pm=2129 slots=880000 (8645s)
[cap 724] d0=4108325 pm=1801 slots=880000 (8655s)
[cap 725] d0=4096580 pm=1995 slots=880000 (8666s)
[cap 726] d0=4110896 pm=2148 slots=880000 (8676s)
[cap 727] d0=4124518 pm=2001 slots=880000 (8686s)
[cap 728] d0=4127572 pm=2201 slots=880000 (8696s)
[cap 729] d0=4123999 pm=2232 slots=880000 (8706s)
[cap 730] d0=4103007 pm=2109 slots=880000 (8717s)
[cap 731] d0=4092148 pm=2117 slots=880000 (8727s)
[cap 732] d0=4106667 pm=1961 slots=880000 (8737s)
[cap 733] d0=4087062 pm=2088 slots=880000 (8747s)
[cap 734] d0=4128050 pm=2455 slots=880000 (8758s)
[cap 735] d0=4131506 pm=2378 slots=880000 (8768s)
[cap 736] d0=4095617 pm=2068 slots=880000 (8778s)
[cap 737] d0=4121429 pm=2716 slots=880000 (8788s)
[cap 738] d0=4099922 pm=2411 slots=880000 (8798s)
[cap 739] d0=4101008 pm=2146 slots=880000 (8808s)
[cap 740] d0=4073495 pm=1942 slots=880000 (8819s)
[cap 741] d0=4118175 pm=1911 slots=880000 (8829s)
[cap 742] d0=4115703 pm=2158 slots=880000 (8839s)
[cap 743] d0=4096564 pm=1956 slots=880000 (8849s)
[cap 744] d0=4109625 pm=2253 slots=880000 (8860s)
[cap 745] d0=4114368 pm=2301 slots=880000 (8870s)
[cap 746] d0=4136834 pm=2104 slots=880000 (8880s)
[cap 747] d0=4111403 pm=2043 slots=880000 (8890s)
[cap 748] d0=4131106 pm=2101 slots=880000 (8900s)
[cap 749] d0=4077257 pm=2322 slots=880000 (8911s)
[cap 750] d0=4083063 pm=2153 slots=880000 (8921s)
[cap 751] d0=4093895 pm=2274 slots=880000 (8931s)
[cap 752] d0=4084037 pm=2275 slots=880000 (8941s)
[cap 753] d0=4113599 pm=1944 slots=880000 (8951s)
[cap 754] d0=4131185 pm=1985 slots=880000 (8962s)
[cap 755] d0=4121373 pm=2132 slots=880000 (8972s)
[cap 756] d0=4116135 pm=1966 slots=880000 (8982s)
[cap 757] d0=4110911 pm=2041 slots=880000 (8992s)
[cap 758] d0=4111071 pm=2146 slots=880000 (9002s)
[cap 759] d0=4096889 pm=1981 slots=880000 (9013s)
[cap 760] d0=4124582 pm=2040 slots=880000 (9023s)
[cap 761] d0=4113339 pm=2159 slots=880000 (9033s)
[cap 762] d0=6775128 pm=2542 slots=160000 (9043s)
[cap 763] d0=4120844 pm=3162 slots=880000 (9092s)
[cap 764] d0=4107327 pm=2529 slots=880000 (9102s)
[cap 765] d0=3601176 pm=3261 slots=288000 (9118s)
[cap 766] d0=2595862 pm=2017 slots=55040 (9124s)
[run clean] 90/300: running acc 4.44 (9124s)
[cap 767] d0=4078319 pm=1980 slots=879975 (9172s)
[cap 768] d0=4106009 pm=1452 slots=879975 (9183s)
[cap 769] d0=4090129 pm=1654 slots=879975 (9193s)
[cap 770] d0=4088692 pm=1868 slots=879975 (9203s)
[cap 771] d0=4085653 pm=2202 slots=879975 (9213s)
[cap 772] d0=4112059 pm=1891 slots=879975 (9223s)
[cap 773] d0=4116168 pm=2174 slots=879975 (9234s)
[cap 774] d0=4077120 pm=1874 slots=879975 (9244s)
[cap 775] d0=4114124 pm=2162 slots=879975 (9254s)
[cap 776] d0=4101532 pm=1783 slots=879975 (9264s)
[cap 777] d0=4120437 pm=1764 slots=879975 (9274s)
[cap 778] d0=4091647 pm=1641 slots=879975 (9285s)
[cap 779] d0=4096218 pm=1457 slots=879975 (9295s)
[cap 780] d0=4109572 pm=1700 slots=879975 (9305s)
[cap 781] d0=4101260 pm=2175 slots=879975 (9315s)
[cap 782] d0=4098275 pm=1639 slots=879975 (9325s)
[cap 783] d0=4098658 pm=1572 slots=879975 (9336s)
[cap 784] d0=4099824 pm=1650 slots=879975 (9346s)
[cap 785] d0=4121722 pm=1856 slots=879975 (9356s)
[cap 786] d0=4093917 pm=1981 slots=879975 (9366s)
[cap 787] d0=4114939 pm=1835 slots=879975 (9377s)
[cap 788] d0=5731135 pm=2261 slots=336525 (9406s)
[cap 789] d0=4112551 pm=2586 slots=880000 (9454s)
[cap 790] d0=4095087 pm=2058 slots=880000 (9465s)
[cap 791] d0=4099739 pm=1833 slots=880000 (9475s)
[cap 792] d0=4125918 pm=1986 slots=880000 (9485s)
[cap 793] d0=4123338 pm=1850 slots=880000 (9495s)
[cap 794] d0=4122797 pm=2057 slots=880000 (9506s)
[cap 795] d0=4124410 pm=2113 slots=880000 (9516s)
[cap 796] d0=4111307 pm=1978 slots=880000 (9526s)
[cap 797] d0=4075415 pm=2097 slots=880000 (9536s)
[cap 798] d0=4095861 pm=2305 slots=880000 (9546s)
[cap 799] d0=4119968 pm=2037 slots=880000 (9557s)
[cap 800] d0=4141438 pm=2096 slots=880000 (9567s)
[cap 801] d0=4107020 pm=2114 slots=880000 (9577s)
[cap 802] d0=4112819 pm=2109 slots=880000 (9587s)
[cap 803] d0=4090899 pm=2090 slots=880000 (9598s)
[cap 804] d0=4111663 pm=2268 slots=880000 (9608s)
[cap 805] d0=4120717 pm=2288 slots=880000 (9618s)
[cap 806] d0=4120295 pm=2128 slots=880000 (9628s)
[cap 807] d0=4104936 pm=1963 slots=880000 (9638s)
[cap 808] d0=4112974 pm=2107 slots=880000 (9649s)
[cap 809] d0=4114723 pm=1840 slots=880000 (9659s)
[cap 810] d0=4133901 pm=2015 slots=880000 (9669s)
[cap 811] d0=4121969 pm=2238 slots=880000 (9679s)
[cap 812] d0=4100311 pm=2026 slots=880000 (9689s)
[cap 813] d0=4089897 pm=2163 slots=880000 (9700s)
[cap 814] d0=4108783 pm=2312 slots=880000 (9710s)
[cap 815] d0=4098062 pm=2064 slots=880000 (9720s)
[cap 816] d0=4103673 pm=2149 slots=880000 (9730s)
[cap 817] d0=4132545 pm=1965 slots=880000 (9740s)
[cap 818] d0=4127504 pm=2059 slots=880000 (9751s)
[cap 819] d0=4104942 pm=2028 slots=880000 (9761s)
[cap 820] d0=4091644 pm=2120 slots=880000 (9771s)
[cap 821] d0=4103785 pm=2168 slots=880000 (9781s)
[cap 822] d0=4116223 pm=1943 slots=880000 (9792s)
[cap 823] d0=4089693 pm=1855 slots=880000 (9802s)
[cap 824] d0=4109433 pm=2035 slots=880000 (9812s)
[cap 825] d0=4120384 pm=1767 slots=880000 (9822s)
[cap 826] d0=4082808 pm=2120 slots=880000 (9832s)
[cap 827] d0=4122326 pm=2075 slots=880000 (9843s)
[cap 828] d0=4099011 pm=1998 slots=880000 (9853s)
[cap 829] d0=4136449 pm=2132 slots=880000 (9863s)
[cap 830] d0=4110453 pm=2180 slots=880000 (9873s)
[cap 831] d0=4115861 pm=2065 slots=880000 (9883s)
[cap 832] d0=4117964 pm=2134 slots=880000 (9894s)
[cap 833] d0=4130120 pm=1981 slots=880000 (9904s)
[cap 834] d0=4113059 pm=2007 slots=880000 (9914s)
[cap 835] d0=4096638 pm=2132 slots=880000 (9924s)
[cap 836] d0=4110009 pm=2132 slots=880000 (9935s)
[cap 837] d0=4106893 pm=2160 slots=880000 (9945s)
[cap 838] d0=4104692 pm=1941 slots=880000 (9955s)
[cap 839] d0=4121042 pm=1910 slots=880000 (9965s)
[cap 840] d0=4125865 pm=2083 slots=880000 (9975s)
[cap 841] d0=4124380 pm=1933 slots=880000 (9985s)
[cap 842] d0=4098837 pm=2198 slots=880000 (9996s)
[cap 843] d0=4089189 pm=2131 slots=880000 (10006s)
[cap 844] d0=4105067 pm=2016 slots=880000 (10016s)
[cap 845] d0=4085504 pm=2246 slots=880000 (10026s)
[cap 846] d0=4123327 pm=2279 slots=880000 (10037s)
[cap 847] d0=1607413 pm=2651 slots=160000 (10047s)
[cap 848] d0=4130679 pm=3007 slots=880000 (10095s)
[cap 849] d0=4083082 pm=2558 slots=880000 (10105s)
[cap 850] d0=3636413 pm=3241 slots=288000 (10122s)
[cap 851] d0=814997 pm=2073 slots=55040 (10128s)
[run clean] 100/300: running acc 6.00 (10128s)
[cap 852] d0=4128906 pm=2058 slots=879975 (10176s)
[cap 853] d0=4103621 pm=1646 slots=879975 (10186s)
[cap 854] d0=4098027 pm=1547 slots=879975 (10196s)
[cap 855] d0=4080562 pm=1460 slots=879975 (10207s)
[cap 856] d0=4098364 pm=1451 slots=879975 (10217s)
[cap 857] d0=4115485 pm=1400 slots=879975 (10227s)
[cap 858] d0=4106020 pm=1401 slots=879975 (10237s)
[cap 859] d0=4121537 pm=1655 slots=879975 (10248s)
[cap 860] d0=4088990 pm=1654 slots=879975 (10258s)
[cap 861] d0=4103287 pm=1958 slots=879975 (10268s)
[cap 862] d0=4104258 pm=2959 slots=879975 (10278s)
[cap 863] d0=4093158 pm=2444 slots=879975 (10288s)
[cap 864] d0=4105703 pm=2259 slots=879975 (10299s)
[cap 865] d0=4127595 pm=2298 slots=879975 (10309s)
[cap 866] d0=4102958 pm=2349 slots=879975 (10319s)
[cap 867] d0=4082297 pm=1735 slots=879975 (10329s)
[cap 868] d0=4097151 pm=1845 slots=879975 (10340s)
[cap 869] d0=4119754 pm=1600 slots=879975 (10350s)
[cap 870] d0=4103108 pm=1592 slots=879975 (10360s)
[cap 871] d0=4083925 pm=1643 slots=879975 (10370s)
[cap 872] d0=4104343 pm=1787 slots=879975 (10380s)
[cap 873] d0=5458467 pm=2257 slots=336525 (10409s)
[cap 874] d0=4101953 pm=2612 slots=880000 (10458s)
[cap 875] d0=4125355 pm=2017 slots=880000 (10468s)
[cap 876] d0=4100882 pm=1891 slots=880000 (10478s)
[cap 877] d0=4102206 pm=2035 slots=880000 (10488s)
[cap 878] d0=4092764 pm=1949 slots=880000 (10498s)
[cap 879] d0=4085841 pm=2137 slots=880000 (10508s)
[cap 880] d0=4092921 pm=2250 slots=880000 (10519s)
[cap 881] d0=4097355 pm=2079 slots=880000 (10529s)
[cap 882] d0=4095539 pm=2329 slots=880000 (10539s)
[cap 883] d0=4093631 pm=2417 slots=880000 (10549s)
[cap 884] d0=4120883 pm=2102 slots=880000 (10560s)
[cap 885] d0=4087659 pm=2036 slots=880000 (10570s)
[cap 886] d0=4121780 pm=1938 slots=880000 (10580s)
[cap 887] d0=4106253 pm=1990 slots=880000 (10590s)
[cap 888] d0=4105138 pm=2095 slots=880000 (10600s)
[cap 889] d0=4123622 pm=2169 slots=880000 (10611s)
[cap 890] d0=4104252 pm=2125 slots=880000 (10621s)
[cap 891] d0=4103562 pm=2318 slots=880000 (10631s)
[cap 892] d0=4086938 pm=2328 slots=880000 (10641s)
[cap 893] d0=4116814 pm=2020 slots=880000 (10652s)
[cap 894] d0=4083558 pm=1959 slots=880000 (10662s)
[cap 895] d0=4130674 pm=1982 slots=880000 (10672s)
[cap 896] d0=4090938 pm=2150 slots=880000 (10682s)
[cap 897] d0=4107125 pm=1990 slots=880000 (10693s)
[cap 898] d0=4098875 pm=2193 slots=880000 (10703s)
[cap 899] d0=4111649 pm=2286 slots=880000 (10713s)
[cap 900] d0=4109159 pm=2052 slots=880000 (10723s)
[cap 901] d0=4108776 pm=2082 slots=880000 (10734s)
[cap 902] d0=4083832 pm=2105 slots=880000 (10744s)
[cap 903] d0=4103507 pm=2147 slots=880000 (10754s)
[cap 904] d0=4088193 pm=2142 slots=880000 (10764s)
[cap 905] d0=4100881 pm=2226 slots=880000 (10774s)
[cap 906] d0=4106632 pm=2177 slots=880000 (10785s)
[cap 907] d0=4106434 pm=2072 slots=880000 (10795s)
[cap 908] d0=4114234 pm=1940 slots=880000 (10805s)
[cap 909] d0=4095479 pm=2132 slots=880000 (10815s)
[cap 910] d0=4117968 pm=2058 slots=880000 (10826s)
[cap 911] d0=4111675 pm=2281 slots=880000 (10836s)
[cap 912] d0=4128101 pm=2188 slots=880000 (10846s)
[cap 913] d0=4115726 pm=1989 slots=880000 (10856s)
[cap 914] d0=4095231 pm=2117 slots=880000 (10866s)
[cap 915] d0=4120057 pm=2205 slots=880000 (10877s)
[cap 916] d0=4105502 pm=2093 slots=880000 (10887s)
[cap 917] d0=4118189 pm=2222 slots=880000 (10897s)
[cap 918] d0=4097863 pm=2148 slots=880000 (10907s)
[cap 919] d0=4087180 pm=2108 slots=880000 (10917s)
[cap 920] d0=4124184 pm=1899 slots=880000 (10928s)
[cap 921] d0=4100364 pm=2123 slots=880000 (10938s)
[cap 922] d0=4105093 pm=2014 slots=880000 (10948s)
[cap 923] d0=4081903 pm=2004 slots=880000 (10958s)
[cap 924] d0=4136929 pm=2142 slots=880000 (10969s)
[cap 925] d0=4088033 pm=1993 slots=880000 (10979s)
[cap 926] d0=4111964 pm=1827 slots=880000 (10989s)
[cap 927] d0=4118417 pm=2034 slots=880000 (10999s)
[cap 928] d0=4120567 pm=2171 slots=880000 (11010s)
[cap 929] d0=4113490 pm=1985 slots=880000 (11020s)
[cap 930] d0=4119999 pm=2156 slots=880000 (11030s)
[cap 931] d0=4087941 pm=2122 slots=880000 (11040s)
[cap 932] d0=1642685 pm=2543 slots=160000 (11051s)
[cap 933] d0=4122539 pm=3168 slots=880000 (11100s)
[cap 934] d0=4106349 pm=2352 slots=880000 (11110s)
[cap 935] d0=3628732 pm=3123 slots=288000 (11127s)
[cap 936] d0=2622562 pm=2022 slots=55040 (11133s)
[run clean] 110/300: running acc 6.36 (11133s)
[cap 937] d0=4080501 pm=1959 slots=879975 (11181s)
[cap 938] d0=4130561 pm=1625 slots=879975 (11191s)
[cap 939] d0=4104580 pm=1543 slots=879975 (11202s)
[cap 940] d0=4114211 pm=1480 slots=879975 (11212s)
[cap 941] d0=4121291 pm=1504 slots=879975 (11222s)
[cap 942] d0=4104175 pm=1639 slots=879975 (11232s)
[cap 943] d0=4104988 pm=1471 slots=879975 (11243s)
[cap 944] d0=4106713 pm=1584 slots=879975 (11253s)
[cap 945] d0=4076832 pm=1647 slots=879975 (11263s)
[cap 946] d0=4093798 pm=3056 slots=879975 (11273s)
[cap 947] d0=4116100 pm=4459 slots=879975 (11283s)
[cap 948] d0=4091177 pm=2809 slots=879975 (11294s)
[cap 949] d0=4101717 pm=1629 slots=879975 (11304s)
[cap 950] d0=4091766 pm=1728 slots=879975 (11314s)
[cap 951] d0=4109910 pm=1512 slots=879975 (11324s)
[cap 952] d0=4130808 pm=1524 slots=879975 (11334s)
[cap 953] d0=4114986 pm=1864 slots=879975 (11345s)
[cap 954] d0=4089835 pm=2208 slots=879975 (11355s)
[cap 955] d0=4097724 pm=1708 slots=879975 (11365s)
[cap 956] d0=4111404 pm=1949 slots=879975 (11375s)
[cap 957] d0=4101603 pm=1919 slots=879975 (11385s)
[cap 958] d0=5789365 pm=2253 slots=336525 (11414s)
[cap 959] d0=4115107 pm=2617 slots=880000 (11463s)
[cap 960] d0=4087045 pm=2077 slots=880000 (11473s)
[cap 961] d0=4134720 pm=2259 slots=880000 (11484s)
[cap 962] d0=4101821 pm=2078 slots=880000 (11494s)
[cap 963] d0=4135051 pm=1947 slots=880000 (11504s)
[cap 964] d0=4131811 pm=2083 slots=880000 (11514s)
[cap 965] d0=4124540 pm=2112 slots=880000 (11524s)
[cap 966] d0=4092258 pm=2023 slots=880000 (11535s)
[cap 967] d0=4102082 pm=2127 slots=880000 (11545s)
[cap 968] d0=4092327 pm=2198 slots=880000 (11555s)
[cap 969] d0=4114587 pm=1973 slots=880000 (11565s)
[cap 970] d0=4124128 pm=1987 slots=880000 (11575s)
[cap 971] d0=4094928 pm=1973 slots=880000 (11585s)
[cap 972] d0=4110874 pm=2321 slots=880000 (11596s)
[cap 973] d0=4124520 pm=2169 slots=880000 (11606s)
[cap 974] d0=4110250 pm=2140 slots=880000 (11616s)
[cap 975] d0=4087442 pm=2082 slots=880000 (11626s)
[cap 976] d0=4096842 pm=1958 slots=880000 (11636s)
[cap 977] d0=4095998 pm=1868 slots=880000 (11647s)
[cap 978] d0=4095458 pm=1954 slots=880000 (11657s)
[cap 979] d0=4128270 pm=1899 slots=880000 (11667s)
[cap 980] d0=4125508 pm=2020 slots=880000 (11677s)
[cap 981] d0=4100774 pm=2100 slots=880000 (11687s)
[cap 982] d0=4098152 pm=1957 slots=880000 (11698s)
[cap 983] d0=4099350 pm=2285 slots=880000 (11708s)
[cap 984] d0=4100718 pm=2291 slots=880000 (11718s)
[cap 985] d0=4096263 pm=2045 slots=880000 (11728s)
[cap 986] d0=4094208 pm=2085 slots=880000 (11738s)
[cap 987] d0=4094462 pm=2087 slots=880000 (11749s)
[cap 988] d0=4116109 pm=2190 slots=880000 (11759s)
[cap 989] d0=4107272 pm=2200 slots=880000 (11769s)
[cap 990] d0=4133570 pm=2163 slots=880000 (11779s)
[cap 991] d0=4121894 pm=2157 slots=880000 (11790s)
[cap 992] d0=4110060 pm=2117 slots=880000 (11800s)
[cap 993] d0=4105037 pm=1935 slots=880000 (11810s)
[cap 994] d0=4093345 pm=2145 slots=880000 (11820s)
[cap 995] d0=4119388 pm=2039 slots=880000 (11830s)
[cap 996] d0=4124705 pm=2235 slots=880000 (11841s)
[cap 997] d0=4114823 pm=2265 slots=880000 (11851s)
[cap 998] d0=4081712 pm=1987 slots=880000 (11861s)
[cap 999] d0=4135562 pm=2115 slots=880000 (11871s)
[cap 1000] d0=4120305 pm=2284 slots=880000 (11881s)
[cap 1001] d0=4111417 pm=2074 slots=880000 (11892s)
[cap 1002] d0=4114131 pm=2151 slots=880000 (11902s)
[cap 1003] d0=4113643 pm=2144 slots=880000 (11912s)
[cap 1004] d0=4131761 pm=2164 slots=880000 (11922s)
[cap 1005] d0=4113445 pm=2219 slots=880000 (11932s)
[cap 1006] d0=4131337 pm=2160 slots=880000 (11943s)
[cap 1007] d0=4104071 pm=2103 slots=880000 (11953s)
[cap 1008] d0=4098430 pm=2006 slots=880000 (11963s)
[cap 1009] d0=4109431 pm=1912 slots=880000 (11973s)
[cap 1010] d0=4079539 pm=2062 slots=880000 (11983s)
[cap 1011] d0=4086006 pm=1800 slots=880000 (11994s)
[cap 1012] d0=4083933 pm=2039 slots=880000 (12004s)
[cap 1013] d0=4096959 pm=2157 slots=880000 (12014s)
[cap 1014] d0=4108129 pm=1991 slots=880000 (12024s)
[cap 1015] d0=4097536 pm=2147 slots=880000 (12035s)
[cap 1016] d0=4077537 pm=2130 slots=880000 (12045s)
[cap 1017] d0=6738377 pm=2534 slots=160000 (12055s)
[cap 1018] d0=4117580 pm=3099 slots=880000 (12103s)
[cap 1019] d0=4115985 pm=2457 slots=880000 (12113s)
[cap 1020] d0=3661025 pm=3286 slots=288000 (12130s)
[cap 1021] d0=838674 pm=2006 slots=55040 (12136s)
[run clean] 120/300: running acc 5.83 (12136s)
[cap 1022] d0=4076734 pm=2437 slots=879975 (12185s)
[cap 1023] d0=4106268 pm=2370 slots=879975 (12196s)
[cap 1024] d0=4115924 pm=1769 slots=879975 (12206s)
[cap 1025] d0=4102704 pm=1654 slots=879975 (12216s)
[cap 1026] d0=4115581 pm=1667 slots=879975 (12226s)
[cap 1027] d0=4125580 pm=1438 slots=879975 (12236s)
[cap 1028] d0=4127327 pm=1334 slots=879975 (12247s)
[cap 1029] d0=4096212 pm=1506 slots=879975 (12257s)
[cap 1030] d0=4102285 pm=1536 slots=879975 (12267s)
[cap 1031] d0=4092982 pm=1631 slots=879975 (12277s)
[cap 1032] d0=4102436 pm=2540 slots=879975 (12288s)
[cap 1033] d0=4112653 pm=2297 slots=879975 (12298s)
[cap 1034] d0=4103547 pm=1620 slots=879975 (12308s)
[cap 1035] d0=4088486 pm=1561 slots=879975 (12318s)
[cap 1036] d0=4084708 pm=1883 slots=879975 (12328s)
[cap 1037] d0=4082011 pm=1568 slots=879975 (12339s)
[cap 1038] d0=4089949 pm=1638 slots=879975 (12349s)
[cap 1039] d0=4133512 pm=1987 slots=879975 (12359s)
[cap 1040] d0=4104693 pm=1937 slots=879975 (12369s)
[cap 1041] d0=4104789 pm=1835 slots=879975 (12379s)
[cap 1042] d0=4086054 pm=1925 slots=879975 (12390s)
[cap 1043] d0=6039081 pm=2345 slots=336525 (12419s)
[cap 1044] d0=4099040 pm=2619 slots=880000 (12467s)
[cap 1045] d0=4123060 pm=2034 slots=880000 (12478s)
[cap 1046] d0=4108698 pm=1935 slots=880000 (12488s)
[cap 1047] d0=4124961 pm=2005 slots=880000 (12498s)
[cap 1048] d0=4128024 pm=1852 slots=880000 (12508s)
[cap 1049] d0=4114291 pm=2081 slots=880000 (12518s)
[cap 1050] d0=4086878 pm=2210 slots=880000 (12529s)
[cap 1051] d0=4097369 pm=1983 slots=880000 (12539s)
[cap 1052] d0=4077564 pm=2136 slots=880000 (12549s)
[cap 1053] d0=4094773 pm=2312 slots=880000 (12559s)
[cap 1054] d0=4094021 pm=2051 slots=880000 (12569s)
[cap 1055] d0=4087228 pm=2087 slots=880000 (12580s)
[cap 1056] d0=4092456 pm=2063 slots=880000 (12590s)
[cap 1057] d0=4108687 pm=2011 slots=880000 (12600s)
[cap 1058] d0=4115912 pm=2088 slots=880000 (12610s)
[cap 1059] d0=4092333 pm=2219 slots=880000 (12620s)
[cap 1060] d0=4129897 pm=2220 slots=880000 (12631s)
[cap 1061] d0=4108034 pm=2136 slots=880000 (12641s)
[cap 1062] d0=4110061 pm=1982 slots=880000 (12651s)
[cap 1063] d0=4079234 pm=2145 slots=880000 (12661s)
[cap 1064] d0=4091096 pm=1868 slots=880000 (12671s)
[cap 1065] d0=4097533 pm=1973 slots=880000 (12682s)
[cap 1066] d0=4108432 pm=2081 slots=880000 (12692s)
[cap 1067] d0=4085894 pm=1935 slots=880000 (12702s)
[cap 1068] d0=4081987 pm=2153 slots=880000 (12712s)
[cap 1069] d0=4116147 pm=2321 slots=880000 (12722s)
[cap 1070] d0=4104292 pm=2051 slots=880000 (12733s)
[cap 1071] d0=4074681 pm=1959 slots=880000 (12743s)
[cap 1072] d0=4093817 pm=1931 slots=880000 (12753s)
[cap 1073] d0=4119103 pm=2205 slots=880000 (12763s)
[cap 1074] d0=4121435 pm=2161 slots=880000 (12773s)
[cap 1075] d0=4098570 pm=2176 slots=880000 (12783s)
[cap 1076] d0=4104060 pm=2162 slots=880000 (12794s)
[cap 1077] d0=4096965 pm=2108 slots=880000 (12804s)
[cap 1078] d0=4109166 pm=2021 slots=880000 (12814s)
[cap 1079] d0=4089526 pm=2202 slots=880000 (12824s)
[cap 1080] d0=4083996 pm=2013 slots=880000 (12835s)
[cap 1081] d0=4101565 pm=2031 slots=880000 (12845s)
[cap 1082] d0=4079584 pm=2198 slots=880000 (12855s)
[cap 1083] d0=4126782 pm=2104 slots=880000 (12866s)
[cap 1084] d0=4127256 pm=2166 slots=880000 (12876s)
[cap 1085] d0=4096710 pm=2027 slots=880000 (12886s)
[cap 1086] d0=4132386 pm=2521 slots=880000 (12896s)
[cap 1087] d0=4103439 pm=2393 slots=880000 (12906s)
[cap 1088] d0=4098162 pm=2001 slots=880000 (12916s)
[cap 1089] d0=4113016 pm=2112 slots=880000 (12927s)
[cap 1090] d0=4107984 pm=2161 slots=880000 (12937s)
[cap 1091] d0=4100624 pm=2293 slots=880000 (12947s)
[cap 1092] d0=4093416 pm=2125 slots=880000 (12957s)
[cap 1093] d0=4128921 pm=2003 slots=880000 (12967s)
[cap 1094] d0=4090449 pm=1943 slots=880000 (12978s)
[cap 1095] d0=4097970 pm=2124 slots=880000 (12988s)
[cap 1096] d0=4107164 pm=2145 slots=880000 (12998s)
[cap 1097] d0=4083899 pm=2519 slots=880000 (13008s)
[cap 1098] d0=4114051 pm=1992 slots=880000 (13019s)
[cap 1099] d0=4108831 pm=1924 slots=880000 (13029s)
[cap 1100] d0=4102936 pm=2116 slots=880000 (13039s)
[cap 1101] d0=4125320 pm=2174 slots=880000 (13049s)
[cap 1102] d0=1621305 pm=2486 slots=160000 (13059s)
[cap 1103] d0=4114283 pm=3208 slots=880000 (13107s)
[cap 1104] d0=4132623 pm=2464 slots=880000 (13118s)
[cap 1105] d0=3657067 pm=3135 slots=288000 (13134s)
[cap 1106] d0=2610682 pm=2060 slots=55040 (13140s)
[run clean] 130/300: running acc 5.38 (13140s)
[cap 1107] d0=4082740 pm=2465 slots=879975 (13188s)
[cap 1108] d0=4080600 pm=1694 slots=879975 (13198s)
[cap 1109] d0=4081558 pm=1558 slots=879975 (13209s)
[cap 1110] d0=4108999 pm=1395 slots=879975 (13219s)
[cap 1111] d0=4086848 pm=1365 slots=879975 (13229s)
[cap 1112] d0=4117153 pm=1435 slots=879975 (13239s)
[cap 1113] d0=4099652 pm=1367 slots=879975 (13250s)
[cap 1114] d0=4105060 pm=1573 slots=879975 (13260s)
[cap 1115] d0=4117030 pm=1719 slots=879975 (13270s)
[cap 1116] d0=4078257 pm=2095 slots=879975 (13280s)
[cap 1117] d0=4096472 pm=2370 slots=879975 (13290s)
[cap 1118] d0=4110001 pm=1885 slots=879975 (13301s)
[cap 1119] d0=4086538 pm=1645 slots=879975 (13311s)
[cap 1120] d0=4094598 pm=1900 slots=879975 (13321s)
[cap 1121] d0=4086029 pm=1948 slots=879975 (13331s)
[cap 1122] d0=4116025 pm=1668 slots=879975 (13341s)
[cap 1123] d0=4117019 pm=1723 slots=879975 (13352s)
[cap 1124] d0=4113459 pm=1734 slots=879975 (13362s)
[cap 1125] d0=4096663 pm=1597 slots=879975 (13372s)
[cap 1126] d0=4123185 pm=2256 slots=879975 (13382s)
[cap 1127] d0=4103205 pm=2398 slots=879975 (13392s)
[cap 1128] d0=4943672 pm=2270 slots=336525 (13422s)
[cap 1129] d0=4091912 pm=2787 slots=880000 (13471s)
[cap 1130] d0=4096980 pm=2082 slots=880000 (13482s)
[cap 1131] d0=4115142 pm=2116 slots=880000 (13492s)
[cap 1132] d0=4090863 pm=2205 slots=880000 (13502s)
[cap 1133] d0=4111205 pm=1920 slots=880000 (13512s)
[cap 1134] d0=4112620 pm=2117 slots=880000 (13523s)
[cap 1135] d0=4108903 pm=2236 slots=880000 (13533s)
[cap 1136] d0=4089497 pm=2035 slots=880000 (13543s)
[cap 1137] d0=4109290 pm=2283 slots=880000 (13553s)
[cap 1138] d0=4106509 pm=2326 slots=880000 (13563s)
[cap 1139] d0=4117132 pm=1984 slots=880000 (13574s)
[cap 1140] d0=4085092 pm=1966 slots=880000 (13584s)
[cap 1141] d0=4118543 pm=1919 slots=880000 (13594s)
[cap 1142] d0=4232283 pm=2533 slots=880000 (13635s)
[cap 1143] d0=4112864 pm=2504 slots=880000 (13676s)
[cap 1144] d0=4126545 pm=2107 slots=880000 (13686s)
[cap 1145] d0=4106290 pm=2122 slots=880000 (13696s)
[cap 1146] d0=4105516 pm=2082 slots=880000 (13707s)
[cap 1147] d0=4097777 pm=1991 slots=880000 (13717s)
[cap 1148] d0=4101268 pm=2196 slots=880000 (13727s)
[cap 1149] d0=4115884 pm=1852 slots=880000 (13737s)
[cap 1150] d0=4098701 pm=2036 slots=880000 (13747s)
[cap 1151] d0=4131205 pm=2111 slots=880000 (13758s)
[cap 1152] d0=4118935 pm=2005 slots=880000 (13768s)
[cap 1153] d0=4104328 pm=2234 slots=880000 (13778s)
[cap 1154] d0=4109925 pm=2297 slots=880000 (13788s)
[cap 1155] d0=4125500 pm=2093 slots=880000 (13798s)
[cap 1156] d0=4086517 pm=2024 slots=880000 (13809s)
[cap 1157] d0=4121445 pm=1936 slots=880000 (13819s)
[cap 1158] d0=4129614 pm=2117 slots=880000 (13829s)
[cap 1159] d0=4110423 pm=2154 slots=880000 (13839s)
[cap 1160] d0=4111345 pm=2174 slots=880000 (13849s)
[cap 1161] d0=4089751 pm=2119 slots=880000 (13860s)
[cap 1162] d0=4111460 pm=2042 slots=880000 (13870s)
[cap 1163] d0=4120871 pm=1945 slots=880000 (13880s)
[cap 1164] d0=4096559 pm=2096 slots=880000 (13890s)
[cap 1165] d0=4114580 pm=1891 slots=880000 (13900s)
[cap 1166] d0=4116307 pm=2050 slots=880000 (13911s)
[cap 1167] d0=4098522 pm=2113 slots=880000 (13921s)
[cap 1168] d0=4106992 pm=1919 slots=880000 (13931s)
[cap 1169] d0=4107535 pm=2188 slots=880000 (13941s)
[cap 1170] d0=4102109 pm=2267 slots=880000 (13952s)
[cap 1171] d0=4127508 pm=2090 slots=880000 (13962s)
[cap 1172] d0=4099503 pm=2072 slots=880000 (13972s)
[cap 1173] d0=4097407 pm=2168 slots=880000 (13982s)
[cap 1174] d0=4126044 pm=2126 slots=880000 (13993s)
[cap 1175] d0=4093002 pm=2072 slots=880000 (14003s)
[cap 1176] d0=4127422 pm=2278 slots=880000 (14013s)
[cap 1177] d0=4115678 pm=2243 slots=880000 (14023s)
[cap 1178] d0=4086704 pm=2072 slots=880000 (14033s)
[cap 1179] d0=4109520 pm=2086 slots=880000 (14044s)
[cap 1180] d0=4121861 pm=2143 slots=880000 (14054s)
[cap 1181] d0=4108486 pm=1961 slots=880000 (14064s)
[cap 1182] d0=4093258 pm=2085 slots=880000 (14074s)
[cap 1183] d0=4089746 pm=2105 slots=880000 (14084s)
[cap 1184] d0=4121145 pm=1967 slots=880000 (14095s)
[cap 1185] d0=4127909 pm=2170 slots=880000 (14105s)
[cap 1186] d0=4094146 pm=2141 slots=880000 (14115s)
[cap 1187] d0=1600074 pm=2527 slots=160000 (14125s)
[cap 1188] d0=4086078 pm=3209 slots=880000 (14173s)
[cap 1189] d0=4097063 pm=2471 slots=880000 (14184s)
[cap 1190] d0=3624092 pm=3090 slots=288000 (14200s)
[cap 1191] d0=2596069 pm=2044 slots=55040 (14206s)
[run clean] 140/300: running acc 5.00 (14206s)
[cap 1192] d0=4089767 pm=2221 slots=879975 (14254s)
[cap 1193] d0=4123715 pm=1515 slots=879975 (14264s)
[cap 1194] d0=4087560 pm=1511 slots=879975 (14274s)
[cap 1195] d0=4132952 pm=1768 slots=879975 (14285s)
[cap 1196] d0=4112685 pm=1542 slots=879975 (14295s)
[cap 1197] d0=4115628 pm=1379 slots=879975 (14305s)
[cap 1198] d0=4125561 pm=1407 slots=879975 (14315s)
[cap 1199] d0=4125797 pm=1539 slots=879975 (14326s)
[cap 1200] d0=4136848 pm=1554 slots=879975 (14336s)
[cap 1201] d0=4088412 pm=1699 slots=879975 (14346s)
[cap 1202] d0=4118306 pm=3680 slots=879975 (14356s)
[cap 1203] d0=4086277 pm=3927 slots=879975 (14366s)
[cap 1204] d0=4246254 pm=2267 slots=879975 (14408s)
[cap 1205] d0=4117331 pm=2429 slots=879975 (14449s)
[cap 1206] d0=4103003 pm=1610 slots=879975 (14459s)
[cap 1207] d0=4089723 pm=2240 slots=879975 (14470s)
[cap 1208] d0=4097395 pm=2758 slots=879975 (14480s)
[cap 1209] d0=4124005 pm=1571 slots=879975 (14490s)
[cap 1210] d0=4121539 pm=1661 slots=879975 (14500s)
[cap 1211] d0=4083459 pm=2049 slots=879975 (14511s)
[cap 1212] d0=4102570 pm=1879 slots=879975 (14521s)
[cap 1213] d0=7601111 pm=3635 slots=336525 (14550s)
[cap 1214] d0=4112495 pm=2621 slots=880000 (14598s)
[cap 1215] d0=4124559 pm=2038 slots=880000 (14608s)
[cap 1216] d0=4118684 pm=1937 slots=880000 (14618s)
[cap 1217] d0=4078359 pm=2077 slots=880000 (14629s)
[cap 1218] d0=4124462 pm=2005 slots=880000 (14639s)
[cap 1219] d0=4107970 pm=2099 slots=880000 (14649s)
[cap 1220] d0=4097156 pm=2206 slots=880000 (14659s)
[cap 1221] d0=4121535 pm=2012 slots=880000 (14669s)
[cap 1222] d0=4115568 pm=2303 slots=880000 (14680s)
[cap 1223] d0=4102711 pm=2263 slots=880000 (14690s)
[cap 1224] d0=4096586 pm=2004 slots=880000 (14700s)
[cap 1225] d0=4122372 pm=2126 slots=880000 (14710s)
[cap 1226] d0=4083672 pm=2145 slots=880000 (14720s)
[cap 1227] d0=4091219 pm=2079 slots=880000 (14731s)
[cap 1228] d0=4084408 pm=2181 slots=880000 (14741s)
[cap 1229] d0=4125342 pm=2043 slots=880000 (14751s)
[cap 1230] d0=4123707 pm=2137 slots=880000 (14761s)
[cap 1231] d0=4108784 pm=2163 slots=880000 (14771s)
[cap 1232] d0=4092021 pm=1858 slots=880000 (14782s)
[cap 1233] d0=4080594 pm=2131 slots=880000 (14792s)
[cap 1234] d0=4106388 pm=1842 slots=880000 (14802s)
[cap 1235] d0=4110438 pm=2012 slots=880000 (14812s)
[cap 1236] d0=4117532 pm=2108 slots=880000 (14822s)
[cap 1237] d0=4100621 pm=1996 slots=880000 (14833s)
[cap 1238] d0=4126336 pm=2174 slots=880000 (14843s)
[cap 1239] d0=4103350 pm=2241 slots=880000 (14853s)
[cap 1240] d0=4114069 pm=2151 slots=880000 (14863s)
[cap 1241] d0=4094937 pm=2120 slots=880000 (14874s)
[cap 1242] d0=4113880 pm=1969 slots=880000 (14884s)
[cap 1243] d0=4092456 pm=1944 slots=880000 (14894s)
[cap 1244] d0=4104946 pm=2053 slots=880000 (14904s)
[cap 1245] d0=4085959 pm=2158 slots=880000 (14914s)
[cap 1246] d0=4138364 pm=2260 slots=880000 (14925s)
[cap 1247] d0=4103379 pm=2056 slots=880000 (14935s)
[cap 1248] d0=4124737 pm=2148 slots=880000 (14945s)
[cap 1249] d0=4101664 pm=2229 slots=880000 (14955s)
[cap 1250] d0=4116166 pm=1911 slots=880000 (14965s)
[cap 1251] d0=4098356 pm=2123 slots=880000 (14976s)
[cap 1252] d0=4113445 pm=2130 slots=880000 (14986s)
[cap 1253] d0=4083500 pm=2043 slots=880000 (14996s)
[cap 1254] d0=4126105 pm=2356 slots=880000 (15006s)
[cap 1255] d0=4107623 pm=2346 slots=880000 (15016s)
[cap 1256] d0=4126577 pm=2201 slots=880000 (15027s)
[cap 1257] d0=4107280 pm=2205 slots=880000 (15037s)
[cap 1258] d0=4113157 pm=2335 slots=880000 (15047s)
[cap 1259] d0=4092269 pm=2207 slots=880000 (15057s)
[cap 1260] d0=4075515 pm=2144 slots=880000 (15067s)
[cap 1261] d0=4083517 pm=2118 slots=880000 (15078s)
[cap 1262] d0=4139395 pm=2294 slots=880000 (15088s)
[cap 1263] d0=4102645 pm=2013 slots=880000 (15098s)
[cap 1264] d0=4090140 pm=1860 slots=880000 (15108s)
[cap 1265] d0=4106029 pm=2092 slots=880000 (15118s)
[cap 1266] d0=4083425 pm=1909 slots=880000 (15129s)
[cap 1267] d0=4112625 pm=2108 slots=880000 (15139s)
[cap 1268] d0=4100137 pm=2439 slots=880000 (15149s)
[cap 1269] d0=4099142 pm=2323 slots=880000 (15159s)
[cap 1270] d0=4127544 pm=2120 slots=880000 (15170s)
[cap 1271] d0=4088199 pm=2069 slots=880000 (15180s)
[cap 1272] d0=1624974 pm=2790 slots=160000 (15190s)
[cap 1273] d0=4125152 pm=3162 slots=880000 (15241s)
[cap 1274] d0=4085810 pm=2636 slots=880000 (15251s)
[cap 1275] d0=3664377 pm=3166 slots=288000 (15267s)
[cap 1276] d0=2596787 pm=2059 slots=55040 (15274s)
[run clean] 150/300: running acc 5.33 (15274s)
[cap 1277] d0=4126026 pm=2048 slots=879975 (15323s)
[cap 1278] d0=4123181 pm=1617 slots=879975 (15333s)
[cap 1279] d0=4116328 pm=1746 slots=879975 (15343s)
[cap 1280] d0=4103670 pm=1637 slots=879975 (15354s)
[cap 1281] d0=4112640 pm=1429 slots=879975 (15364s)
[cap 1282] d0=4084638 pm=1449 slots=879975 (15374s)
[cap 1283] d0=4092035 pm=1560 slots=879975 (15384s)
[cap 1284] d0=4082141 pm=1604 slots=879975 (15395s)
[cap 1285] d0=4134248 pm=1502 slots=879975 (15405s)
[cap 1286] d0=4075449 pm=1707 slots=879975 (15415s)
[cap 1287] d0=4078637 pm=1957 slots=879975 (15425s)
[cap 1288] d0=4102597 pm=1821 slots=879975 (15436s)
[cap 1289] d0=4117533 pm=1490 slots=879975 (15446s)
[cap 1290] d0=4124861 pm=1809 slots=879975 (15456s)
[cap 1291] d0=4116085 pm=2128 slots=879975 (15466s)
[cap 1292] d0=4119619 pm=1780 slots=879975 (15476s)
[cap 1293] d0=4098459 pm=1669 slots=879975 (15487s)
[cap 1294] d0=4114180 pm=1653 slots=879975 (15497s)
[cap 1295] d0=4083167 pm=1760 slots=879975 (15507s)
[cap 1296] d0=4121404 pm=1715 slots=879975 (15517s)
[cap 1297] d0=4086325 pm=1995 slots=879975 (15528s)
[cap 1298] d0=5632418 pm=2346 slots=336525 (15557s)
[cap 1299] d0=4085019 pm=2446 slots=880000 (15606s)
[cap 1300] d0=4113101 pm=1850 slots=880000 (15616s)
[cap 1301] d0=4087604 pm=1784 slots=880000 (15626s)
[cap 1302] d0=4118824 pm=2030 slots=880000 (15636s)
[cap 1303] d0=4104254 pm=1884 slots=880000 (15647s)
[cap 1304] d0=4117286 pm=2022 slots=880000 (15657s)
[cap 1305] d0=4120938 pm=2133 slots=880000 (15667s)
[cap 1306] d0=4096286 pm=2072 slots=880000 (15677s)
[cap 1307] d0=4130989 pm=2010 slots=880000 (15688s)
[cap 1308] d0=4090270 pm=2050 slots=880000 (15698s)
[cap 1309] d0=4097784 pm=2002 slots=880000 (15708s)
[cap 1310] d0=4095136 pm=2091 slots=880000 (15718s)
[cap 1311] d0=4104530 pm=1999 slots=880000 (15728s)
[cap 1312] d0=4119313 pm=2146 slots=880000 (15739s)
[cap 1313] d0=4116393 pm=2126 slots=880000 (15749s)
[cap 1314] d0=4084988 pm=2163 slots=880000 (15759s)
[cap 1315] d0=4132779 pm=2337 slots=880000 (15770s)
[cap 1316] d0=4127840 pm=2098 slots=880000 (15780s)
[cap 1317] d0=4129106 pm=1969 slots=880000 (15790s)
[cap 1318] d0=4117287 pm=2233 slots=880000 (15800s)
[cap 1319] d0=4089061 pm=1983 slots=880000 (15810s)
[cap 1320] d0=4124635 pm=2058 slots=880000 (15821s)
[cap 1321] d0=4127503 pm=2238 slots=880000 (15831s)
[cap 1322] d0=4126725 pm=2027 slots=880000 (15841s)
[cap 1323] d0=4106872 pm=2149 slots=880000 (15851s)
[cap 1324] d0=4103991 pm=2242 slots=880000 (15862s)
[cap 1325] d0=4098546 pm=2024 slots=880000 (15872s)
[cap 1326] d0=4125203 pm=2179 slots=880000 (15882s)
[cap 1327] d0=4081842 pm=2209 slots=880000 (15892s)
[cap 1328] d0=4117693 pm=2067 slots=880000 (15902s)
[cap 1329] d0=4119671 pm=2075 slots=880000 (15913s)
[cap 1330] d0=4105588 pm=2072 slots=880000 (15923s)
[cap 1331] d0=4121438 pm=2171 slots=880000 (15933s)
[cap 1332] d0=4126307 pm=1994 slots=880000 (15943s)
[cap 1333] d0=4115344 pm=1908 slots=880000 (15953s)
[cap 1334] d0=4108902 pm=2123 slots=880000 (15964s)
[cap 1335] d0=4081969 pm=1899 slots=880000 (15974s)
[cap 1336] d0=4129803 pm=1951 slots=880000 (15984s)
[cap 1337] d0=4094727 pm=2175 slots=880000 (15994s)
[cap 1338] d0=4116779 pm=2018 slots=880000 (16005s)
[cap 1339] d0=4133892 pm=2263 slots=880000 (16015s)
[cap 1340] d0=4080903 pm=2113 slots=880000 (16025s)
[cap 1341] d0=4129232 pm=2119 slots=880000 (16035s)
[cap 1342] d0=4081546 pm=2011 slots=880000 (16046s)
[cap 1343] d0=4133213 pm=2030 slots=880000 (16056s)
[cap 1344] d0=4122237 pm=2089 slots=880000 (16066s)
[cap 1345] d0=4093338 pm=2087 slots=880000 (16076s)
[cap 1346] d0=4091780 pm=1993 slots=880000 (16086s)
[cap 1347] d0=4112696 pm=2163 slots=880000 (16097s)
[cap 1348] d0=4099323 pm=2095 slots=880000 (16107s)
[cap 1349] d0=4085708 pm=1933 slots=880000 (16117s)
[cap 1350] d0=4092264 pm=2066 slots=880000 (16127s)
[cap 1351] d0=4104506 pm=1799 slots=880000 (16137s)
[cap 1352] d0=4099767 pm=1951 slots=880000 (16148s)
[cap 1353] d0=4134896 pm=2073 slots=880000 (16158s)
[cap 1354] d0=4124488 pm=1984 slots=880000 (16168s)
[cap 1355] d0=4107832 pm=2078 slots=880000 (16178s)
[cap 1356] d0=4084149 pm=2067 slots=880000 (16188s)
[cap 1357] d0=6761556 pm=2451 slots=160000 (16199s)
[cap 1358] d0=4102076 pm=3098 slots=880000 (16247s)
[cap 1359] d0=4090728 pm=2435 slots=880000 (16257s)
[cap 1360] d0=3642269 pm=3119 slots=288000 (16273s)
[cap 1361] d0=2633188 pm=2071 slots=55040 (16280s)
[run clean] 160/300: running acc 5.62 (16280s)
[cap 1362] d0=4097682 pm=2147 slots=879975 (16328s)
[cap 1363] d0=4137007 pm=1531 slots=879975 (16338s)
[cap 1364] d0=4083997 pm=1804 slots=879975 (16348s)
[cap 1365] d0=4097707 pm=1483 slots=879975 (16358s)
[cap 1366] d0=4101807 pm=1461 slots=879975 (16369s)
[cap 1367] d0=4085582 pm=1515 slots=879975 (16379s)
[cap 1368] d0=4103200 pm=1461 slots=879975 (16389s)
[cap 1369] d0=4098998 pm=1551 slots=879975 (16399s)
[cap 1370] d0=4127946 pm=1912 slots=879975 (16409s)
[cap 1371] d0=4120592 pm=2229 slots=879975 (16420s)
[cap 1372] d0=4100301 pm=1753 slots=879975 (16430s)
[cap 1373] d0=4096996 pm=1841 slots=879975 (16440s)
[cap 1374] d0=4127352 pm=1653 slots=879975 (16450s)
[cap 1375] d0=4121294 pm=1607 slots=879975 (16461s)
[cap 1376] d0=4132166 pm=2879 slots=879975 (16471s)
[cap 1377] d0=4091821 pm=3391 slots=879975 (16481s)
[cap 1378] d0=4107200 pm=1607 slots=879975 (16491s)
[cap 1379] d0=4088517 pm=1543 slots=879975 (16501s)
[cap 1380] d0=4100325 pm=2016 slots=879975 (16512s)
[cap 1381] d0=4100825 pm=2332 slots=879975 (16522s)
[cap 1382] d0=4115465 pm=2288 slots=879975 (16532s)
[cap 1383] d0=2747607 pm=2296 slots=336525 (16561s)
[cap 1384] d0=4123668 pm=2560 slots=880000 (16610s)
[cap 1385] d0=4123825 pm=1961 slots=880000 (16620s)
[cap 1386] d0=4097437 pm=1836 slots=880000 (16630s)
[cap 1387] d0=4092375 pm=2077 slots=880000 (16640s)
[cap 1388] d0=4108942 pm=1815 slots=880000 (16651s)
[cap 1389] d0=4084388 pm=2149 slots=880000 (16661s)
[cap 1390] d0=4088213 pm=2175 slots=880000 (16671s)
[cap 1391] d0=4131105 pm=2157 slots=880000 (16681s)
[cap 1392] d0=4092982 pm=2227 slots=880000 (16692s)
[cap 1393] d0=4082803 pm=2362 slots=880000 (16702s)
[cap 1394] d0=4105112 pm=1956 slots=880000 (16712s)
[cap 1395] d0=4091519 pm=1920 slots=880000 (16722s)
[cap 1396] d0=4088222 pm=1949 slots=880000 (16733s)
[cap 1397] d0=4097933 pm=1997 slots=880000 (16743s)
[cap 1398] d0=4113713 pm=1935 slots=880000 (16753s)
[cap 1399] d0=4098583 pm=2082 slots=880000 (16763s)
[cap 1400] d0=4090344 pm=2078 slots=880000 (16773s)
[cap 1401] d0=4113065 pm=1975 slots=880000 (16784s)
[cap 1402] d0=4112215 pm=1892 slots=880000 (16794s)
[cap 1403] d0=4110625 pm=2150 slots=880000 (16804s)
[cap 1404] d0=4092531 pm=1949 slots=880000 (16814s)
[cap 1405] d0=4091305 pm=1930 slots=880000 (16824s)
[cap 1406] d0=4139493 pm=2066 slots=880000 (16835s)
[cap 1407] d0=4087155 pm=2162 slots=880000 (16845s)
[cap 1408] d0=4122743 pm=2098 slots=880000 (16855s)
[cap 1409] d0=4116203 pm=2228 slots=880000 (16865s)
[cap 1410] d0=4113144 pm=2048 slots=880000 (16876s)
[cap 1411] d0=4097507 pm=2019 slots=880000 (16886s)
[cap 1412] d0=4079799 pm=2034 slots=880000 (16896s)
[cap 1413] d0=4107060 pm=2075 slots=880000 (16906s)
[cap 1414] d0=4089969 pm=2071 slots=880000 (16917s)
[cap 1415] d0=4092788 pm=2121 slots=880000 (16927s)
[cap 1416] d0=4113619 pm=2224 slots=880000 (16937s)
[cap 1417] d0=4102707 pm=2072 slots=880000 (16947s)
[cap 1418] d0=4105953 pm=1910 slots=880000 (16957s)
[cap 1419] d0=4097040 pm=2167 slots=880000 (16968s)
[cap 1420] d0=4075976 pm=1955 slots=880000 (16978s)
[cap 1421] d0=4081378 pm=2132 slots=880000 (16988s)
[cap 1422] d0=4079211 pm=2208 slots=880000 (16998s)
[cap 1423] d0=4094250 pm=1983 slots=880000 (17008s)
[cap 1424] d0=4103610 pm=2241 slots=880000 (17019s)
[cap 1425] d0=4104847 pm=2162 slots=880000 (17029s)
[cap 1426] d0=4118830 pm=2088 slots=880000 (17039s)
[cap 1427] d0=4112534 pm=2132 slots=880000 (17049s)
[cap 1428] d0=4106952 pm=2031 slots=880000 (17059s)
[cap 1429] d0=4111233 pm=2036 slots=880000 (17070s)
[cap 1430] d0=4101571 pm=2118 slots=880000 (17080s)
[cap 1431] d0=4125986 pm=2302 slots=880000 (17090s)
[cap 1432] d0=4091213 pm=2230 slots=880000 (17100s)
[cap 1433] d0=4128748 pm=1934 slots=880000 (17110s)
[cap 1434] d0=4101577 pm=1853 slots=880000 (17121s)
[cap 1435] d0=4126713 pm=2095 slots=880000 (17131s)
[cap 1436] d0=4086948 pm=1939 slots=880000 (17141s)
[cap 1437] d0=4108536 pm=2059 slots=880000 (17151s)
[cap 1438] d0=4078644 pm=2175 slots=880000 (17162s)
[cap 1439] d0=4091009 pm=1988 slots=880000 (17172s)
[cap 1440] d0=4084052 pm=2209 slots=880000 (17182s)
[cap 1441] d0=4099988 pm=2217 slots=880000 (17192s)
[cap 1442] d0=6770622 pm=2490 slots=160000 (17203s)
[cap 1443] d0=4084433 pm=3227 slots=880000 (17252s)
[cap 1444] d0=4118898 pm=2535 slots=880000 (17262s)
[cap 1445] d0=3649065 pm=3091 slots=288000 (17278s)
[cap 1446] d0=842524 pm=2022 slots=55040 (17284s)
[run clean] 170/300: running acc 5.88 (17284s)
[cap 1447] d0=4102719 pm=6063 slots=879975 (17332s)
[cap 1448] d0=4124541 pm=2394 slots=879975 (17342s)
[cap 1449] d0=4119998 pm=1648 slots=879975 (17352s)
[cap 1450] d0=4081199 pm=1470 slots=879975 (17363s)
[cap 1451] d0=4084185 pm=1480 slots=879975 (17373s)
[cap 1452] d0=4085453 pm=1558 slots=879975 (17383s)
[cap 1453] d0=4116052 pm=2079 slots=879975 (17393s)
[cap 1454] d0=4104093 pm=2072 slots=879975 (17403s)
[cap 1455] d0=4125272 pm=1901 slots=879975 (17414s)
[cap 1456] d0=4109055 pm=1896 slots=879975 (17424s)
[cap 1457] d0=4107917 pm=1726 slots=879975 (17434s)
[cap 1458] d0=4115948 pm=1483 slots=879975 (17444s)
[cap 1459] d0=4102510 pm=1543 slots=879975 (17455s)
[cap 1460] d0=4113029 pm=2098 slots=879975 (17465s)
[cap 1461] d0=4091488 pm=2145 slots=879975 (17475s)
[cap 1462] d0=4109774 pm=2445 slots=879975 (17485s)
[cap 1463] d0=4096481 pm=2509 slots=879975 (17495s)
[cap 1464] d0=4095116 pm=2220 slots=879975 (17506s)
[cap 1465] d0=4082587 pm=1781 slots=879975 (17516s)
[cap 1466] d0=4112592 pm=1768 slots=879975 (17526s)
[cap 1467] d0=4109993 pm=1736 slots=879975 (17536s)
[cap 1468] d0=4670994 pm=2468 slots=336525 (17566s)
[cap 1469] d0=4115774 pm=3060 slots=880000 (17614s)
[cap 1470] d0=4119188 pm=2002 slots=880000 (17624s)
[cap 1471] d0=4128078 pm=1973 slots=880000 (17634s)
[cap 1472] d0=4123632 pm=2221 slots=880000 (17645s)
[cap 1473] d0=4108489 pm=1894 slots=880000 (17655s)
[cap 1474] d0=4130321 pm=2124 slots=880000 (17665s)
[cap 1475] d0=4102703 pm=2358 slots=880000 (17675s)
[cap 1476] d0=4135143 pm=2125 slots=880000 (17685s)
[cap 1477] d0=4130365 pm=2297 slots=880000 (17696s)
[cap 1478] d0=4093683 pm=2218 slots=880000 (17706s)
[cap 1479] d0=4124384 pm=2004 slots=880000 (17716s)
[cap 1480] d0=4109732 pm=1974 slots=880000 (17726s)
[cap 1481] d0=4101525 pm=2069 slots=880000 (17737s)
[cap 1482] d0=4091130 pm=1997 slots=880000 (17747s)
[cap 1483] d0=4111554 pm=1981 slots=880000 (17757s)
[cap 1484] d0=4092909 pm=2158 slots=880000 (17767s)
[cap 1485] d0=4132353 pm=2217 slots=880000 (17777s)
[cap 1486] d0=4105541 pm=2134 slots=880000 (17788s)
[cap 1487] d0=4099294 pm=1958 slots=880000 (17798s)
[cap 1488] d0=4086725 pm=2188 slots=880000 (17808s)
[cap 1489] d0=4092529 pm=1868 slots=880000 (17818s)
[cap 1490] d0=4090851 pm=2056 slots=880000 (17829s)
[cap 1491] d0=4094520 pm=2231 slots=880000 (17839s)
[cap 1492] d0=4124371 pm=2066 slots=880000 (17849s)
[cap 1493] d0=4127129 pm=2244 slots=880000 (17859s)
[cap 1494] d0=4087621 pm=2111 slots=880000 (17869s)
[cap 1495] d0=4123097 pm=2195 slots=880000 (17880s)
[cap 1496] d0=4120869 pm=2148 slots=880000 (17890s)
[cap 1497] d0=4092749 pm=2155 slots=880000 (17900s)
[cap 1498] d0=4099780 pm=2105 slots=880000 (17910s)
[cap 1499] d0=4125943 pm=1827 slots=880000 (17921s)
[cap 1500] d0=4102783 pm=2085 slots=880000 (17931s)
[cap 1501] d0=4102054 pm=2106 slots=880000 (17941s)
[cap 1502] d0=4112290 pm=1965 slots=880000 (17951s)
[cap 1503] d0=4120406 pm=1927 slots=880000 (17962s)
[cap 1504] d0=4102604 pm=2096 slots=880000 (17972s)
[cap 1505] d0=4091587 pm=1841 slots=880000 (17982s)
[cap 1506] d0=4129233 pm=1942 slots=880000 (17992s)
[cap 1507] d0=4132977 pm=2120 slots=880000 (18002s)
[cap 1508] d0=4097473 pm=2011 slots=880000 (18013s)
[cap 1509] d0=4094331 pm=2217 slots=880000 (18023s)
[cap 1510] d0=4096172 pm=2345 slots=880000 (18033s)
[cap 1511] d0=4106558 pm=2053 slots=880000 (18043s)
[cap 1512] d0=4119305 pm=2179 slots=880000 (18053s)
[cap 1513] d0=4113562 pm=2225 slots=880000 (18064s)
[cap 1514] d0=4117697 pm=2113 slots=880000 (18074s)
[cap 1515] d0=4096135 pm=2091 slots=880000 (18084s)
[cap 1516] d0=4113149 pm=2151 slots=880000 (18094s)
[cap 1517] d0=4089753 pm=2134 slots=880000 (18105s)
[cap 1518] d0=4104765 pm=1933 slots=880000 (18115s)
[cap 1519] d0=4106437 pm=1874 slots=880000 (18125s)
[cap 1520] d0=4087986 pm=2165 slots=880000 (18135s)
[cap 1521] d0=4099049 pm=2055 slots=880000 (18145s)
[cap 1522] d0=4085706 pm=2282 slots=880000 (18156s)
[cap 1523] d0=4086672 pm=2087 slots=880000 (18166s)
[cap 1524] d0=4109814 pm=1999 slots=880000 (18176s)
[cap 1525] d0=4114557 pm=2201 slots=880000 (18186s)
[cap 1526] d0=4084816 pm=2175 slots=880000 (18197s)
[cap 1527] d0=1626433 pm=2543 slots=160000 (18207s)
[cap 1528] d0=4080631 pm=3139 slots=880000 (18255s)
[cap 1529] d0=4133019 pm=2337 slots=880000 (18265s)
[cap 1530] d0=3625699 pm=3078 slots=288000 (18281s)
[cap 1531] d0=2608283 pm=2034 slots=55040 (18288s)
[run clean] 180/300: running acc 6.67 (18288s)
[cap 1532] d0=4089576 pm=2289 slots=879975 (18336s)
[cap 1533] d0=4102822 pm=1900 slots=879975 (18346s)
[cap 1534] d0=4083165 pm=1676 slots=879975 (18356s)
[cap 1535] d0=4123904 pm=1559 slots=879975 (18366s)
[cap 1536] d0=4097101 pm=1579 slots=879975 (18376s)
[cap 1537] d0=4091539 pm=1638 slots=879975 (18387s)
[cap 1538] d0=4084447 pm=1621 slots=879975 (18397s)
[cap 1539] d0=4123433 pm=1645 slots=879975 (18407s)
[cap 1540] d0=4118657 pm=1678 slots=879975 (18417s)
[cap 1541] d0=4119148 pm=1673 slots=879975 (18428s)
[cap 1542] d0=4118121 pm=2041 slots=879975 (18438s)
[cap 1543] d0=4116361 pm=2322 slots=879975 (18448s)
[cap 1544] d0=4084157 pm=1876 slots=879975 (18458s)
[cap 1545] d0=4105888 pm=1669 slots=879975 (18468s)
[cap 1546] d0=4124625 pm=1826 slots=879975 (18479s)
[cap 1547] d0=4081560 pm=1634 slots=879975 (18489s)
[cap 1548] d0=4128293 pm=2308 slots=879975 (18499s)
[cap 1549] d0=4092202 pm=1893 slots=879975 (18509s)
[cap 1550] d0=4112264 pm=2753 slots=879975 (18519s)
[cap 1551] d0=4091860 pm=3744 slots=879975 (18530s)
[cap 1552] d0=4127359 pm=3850 slots=879975 (18540s)
[cap 1553] d0=6065804 pm=3359 slots=336525 (18569s)
[cap 1554] d0=4122283 pm=2531 slots=880000 (18617s)
[cap 1555] d0=4127496 pm=1965 slots=880000 (18628s)
[cap 1556] d0=4087929 pm=1918 slots=880000 (18638s)
[cap 1557] d0=4104809 pm=2059 slots=880000 (18648s)
[cap 1558] d0=4123343 pm=1820 slots=880000 (18658s)
[cap 1559] d0=4126414 pm=2085 slots=880000 (18668s)
[cap 1560] d0=4125684 pm=2477 slots=880000 (18679s)
[cap 1561] d0=4131733 pm=2205 slots=880000 (18689s)
[cap 1562] d0=4122687 pm=2161 slots=880000 (18699s)
[cap 1563] d0=4089407 pm=2132 slots=880000 (18709s)
[cap 1564] d0=4091037 pm=1977 slots=880000 (18719s)
[cap 1565] d0=4109168 pm=2033 slots=880000 (18730s)
[cap 1566] d0=4087560 pm=2041 slots=880000 (18740s)
[cap 1567] d0=4082226 pm=2018 slots=880000 (18750s)
[cap 1568] d0=4080811 pm=2034 slots=880000 (18760s)
[cap 1569] d0=4121882 pm=2098 slots=880000 (18770s)
[cap 1570] d0=4127666 pm=2175 slots=880000 (18781s)
[cap 1571] d0=4108498 pm=2062 slots=880000 (18791s)
[cap 1572] d0=4104484 pm=1866 slots=880000 (18801s)
[cap 1573] d0=4109769 pm=2005 slots=880000 (18811s)
[cap 1574] d0=4128321 pm=1848 slots=880000 (18821s)
[cap 1575] d0=4105249 pm=2083 slots=880000 (18832s)
[cap 1576] d0=4103550 pm=2049 slots=880000 (18842s)
[cap 1577] d0=4104920 pm=1887 slots=880000 (18852s)
[cap 1578] d0=4122889 pm=2189 slots=880000 (18862s)
[cap 1579] d0=4092544 pm=2199 slots=880000 (18873s)
[cap 1580] d0=4110134 pm=2012 slots=880000 (18883s)
[cap 1581] d0=4085669 pm=1942 slots=880000 (18893s)
[cap 1582] d0=4124846 pm=1901 slots=880000 (18903s)
[cap 1583] d0=4125238 pm=2068 slots=880000 (18913s)
[cap 1584] d0=4111833 pm=2148 slots=880000 (18924s)
[cap 1585] d0=4089246 pm=2264 slots=880000 (18934s)
[cap 1586] d0=4129103 pm=2181 slots=880000 (18944s)
[cap 1587] d0=4108203 pm=2040 slots=880000 (18954s)
[cap 1588] d0=4107972 pm=1933 slots=880000 (18965s)
[cap 1589] d0=4123552 pm=2071 slots=880000 (18975s)
[cap 1590] d0=4117514 pm=1929 slots=880000 (18985s)
[cap 1591] d0=4108141 pm=2152 slots=880000 (18995s)
[cap 1592] d0=4094419 pm=2103 slots=880000 (19005s)
[cap 1593] d0=4081988 pm=1943 slots=880000 (19016s)
[cap 1594] d0=4118698 pm=2147 slots=880000 (19026s)
[cap 1595] d0=4088913 pm=2217 slots=880000 (19036s)
[cap 1596] d0=4111080 pm=2062 slots=880000 (19046s)
[cap 1597] d0=4121613 pm=2123 slots=880000 (19057s)
[cap 1598] d0=4120960 pm=2124 slots=880000 (19067s)
[cap 1599] d0=4085316 pm=2024 slots=880000 (19077s)
[cap 1600] d0=4084877 pm=2235 slots=880000 (19087s)
[cap 1601] d0=4110633 pm=2032 slots=880000 (19097s)
[cap 1602] d0=4117279 pm=2030 slots=880000 (19108s)
[cap 1603] d0=4118282 pm=2122 slots=880000 (19118s)
[cap 1604] d0=4109008 pm=2087 slots=880000 (19128s)
[cap 1605] d0=4087662 pm=2197 slots=880000 (19138s)
[cap 1606] d0=4104583 pm=1958 slots=880000 (19148s)
[cap 1607] d0=4108582 pm=2159 slots=880000 (19159s)
[cap 1608] d0=4104831 pm=2329 slots=880000 (19169s)
[cap 1609] d0=4132096 pm=2164 slots=880000 (19179s)
[cap 1610] d0=4103854 pm=2362 slots=880000 (19189s)
[cap 1611] d0=4114522 pm=2687 slots=880000 (19199s)
[cap 1612] d0=6726019 pm=2943 slots=160000 (19210s)
[cap 1613] d0=4103579 pm=3067 slots=880000 (19258s)
[cap 1614] d0=4119583 pm=2495 slots=880000 (19268s)
[cap 1615] d0=3626448 pm=3180 slots=288000 (19284s)
[cap 1616] d0=823373 pm=1996 slots=55040 (19290s)
[run clean] 190/300: running acc 6.32 (19290s)
[cap 1617] d0=4086305 pm=2140 slots=879975 (19338s)
[cap 1618] d0=4128422 pm=1917 slots=879975 (19348s)
[cap 1619] d0=4090201 pm=1723 slots=879975 (19359s)
[cap 1620] d0=4097250 pm=1717 slots=879975 (19369s)
[cap 1621] d0=4117380 pm=1512 slots=879975 (19379s)
[cap 1622] d0=4113728 pm=1430 slots=879975 (19389s)
[cap 1623] d0=4099321 pm=1407 slots=879975 (19400s)
[cap 1624] d0=4084345 pm=2094 slots=879975 (19410s)
[cap 1625] d0=4099592 pm=2227 slots=879975 (19420s)
[cap 1626] d0=4110279 pm=1733 slots=879975 (19430s)
[cap 1627] d0=4082855 pm=1729 slots=879975 (19440s)
[cap 1628] d0=4087830 pm=1595 slots=879975 (19451s)
[cap 1629] d0=4090202 pm=1639 slots=879975 (19461s)
[cap 1630] d0=4081517 pm=1767 slots=879975 (19471s)
[cap 1631] d0=4120287 pm=1585 slots=879975 (19481s)
[cap 1632] d0=4076362 pm=1618 slots=879975 (19491s)
[cap 1633] d0=4088576 pm=1516 slots=879975 (19502s)
[cap 1634] d0=4090636 pm=1475 slots=879975 (19512s)
[cap 1635] d0=4109519 pm=1878 slots=879975 (19522s)
[cap 1636] d0=4125862 pm=2050 slots=879975 (19532s)
[cap 1637] d0=4116604 pm=1978 slots=879975 (19542s)
[cap 1638] d0=5110232 pm=2301 slots=336525 (19572s)
[cap 1639] d0=4113294 pm=2646 slots=880000 (19620s)
[cap 1640] d0=4120675 pm=2059 slots=880000 (19630s)
[cap 1641] d0=4100548 pm=1948 slots=880000 (19641s)
[cap 1642] d0=4116453 pm=2094 slots=880000 (19651s)
[cap 1643] d0=4119607 pm=1903 slots=880000 (19661s)
[cap 1644] d0=4115523 pm=2152 slots=880000 (19671s)
[cap 1645] d0=4112409 pm=2238 slots=880000 (19681s)
[cap 1646] d0=4119652 pm=2021 slots=880000 (19692s)
[cap 1647] d0=4092208 pm=2200 slots=880000 (19702s)
[cap 1648] d0=4117552 pm=2325 slots=880000 (19712s)
[cap 1649] d0=4107874 pm=2028 slots=880000 (19722s)
[cap 1650] d0=4108115 pm=2048 slots=880000 (19733s)
[cap 1651] d0=4084660 pm=2057 slots=880000 (19743s)
[cap 1652] d0=4082440 pm=2031 slots=880000 (19753s)
[cap 1653] d0=4086966 pm=2065 slots=880000 (19763s)
[cap 1654] d0=4110419 pm=2126 slots=880000 (19774s)
[cap 1655] d0=4124638 pm=2221 slots=880000 (19784s)
[cap 1656] d0=4125541 pm=2067 slots=880000 (19794s)
[cap 1657] d0=4121684 pm=1887 slots=880000 (19804s)
[cap 1658] d0=4131940 pm=1954 slots=880000 (19814s)
[cap 1659] d0=4090635 pm=1839 slots=880000 (19825s)
[cap 1660] d0=4097970 pm=2008 slots=880000 (19835s)
[cap 1661] d0=4122234 pm=2100 slots=880000 (19845s)
[cap 1662] d0=4128863 pm=1972 slots=880000 (19855s)
[cap 1663] d0=4131226 pm=2138 slots=880000 (19865s)
[cap 1664] d0=4097389 pm=2072 slots=880000 (19876s)
[cap 1665] d0=4095064 pm=1984 slots=880000 (19886s)
[cap 1666] d0=4120991 pm=2064 slots=880000 (19896s)
[cap 1667] d0=4092200 pm=2042 slots=880000 (19906s)
[cap 1668] d0=4139750 pm=2094 slots=880000 (19916s)
[cap 1669] d0=4103511 pm=2074 slots=880000 (19927s)
[cap 1670] d0=4134752 pm=2017 slots=880000 (19937s)
[cap 1671] d0=4104209 pm=2018 slots=880000 (19947s)
[cap 1672] d0=4126383 pm=1968 slots=880000 (19957s)
[cap 1673] d0=4266260 pm=2564 slots=880000 (19998s)
[cap 1674] d0=4120533 pm=2590 slots=880000 (20039s)
[cap 1675] d0=4118821 pm=1902 slots=880000 (20050s)
[cap 1676] d0=4115393 pm=2086 slots=880000 (20060s)
[cap 1677] d0=4093309 pm=2229 slots=880000 (20070s)
[cap 1678] d0=4123626 pm=1931 slots=880000 (20080s)
[cap 1679] d0=4116486 pm=2148 slots=880000 (20090s)
[cap 1680] d0=4111644 pm=2299 slots=880000 (20101s)
[cap 1681] d0=4130213 pm=2061 slots=880000 (20111s)
[cap 1682] d0=4124543 pm=2092 slots=880000 (20121s)
[cap 1683] d0=4096605 pm=2119 slots=880000 (20131s)
[cap 1684] d0=4112838 pm=2074 slots=880000 (20142s)
[cap 1685] d0=4082253 pm=2042 slots=880000 (20152s)
[cap 1686] d0=4094918 pm=2189 slots=880000 (20162s)
[cap 1687] d0=4092740 pm=2153 slots=880000 (20172s)
[cap 1688] d0=4103936 pm=1902 slots=880000 (20182s)
[cap 1689] d0=4101867 pm=1859 slots=880000 (20192s)
[cap 1690] d0=4088734 pm=2146 slots=880000 (20203s)
[cap 1691] d0=4118633 pm=1977 slots=880000 (20213s)
[cap 1692] d0=4097368 pm=2119 slots=880000 (20223s)
[cap 1693] d0=4106822 pm=2251 slots=880000 (20233s)
[cap 1694] d0=4092349 pm=2068 slots=880000 (20244s)
[cap 1695] d0=4115996 pm=2315 slots=880000 (20254s)
[cap 1696] d0=4084387 pm=2219 slots=880000 (20264s)
[cap 1697] d0=6767814 pm=2629 slots=160000 (20274s)
[cap 1698] d0=4114151 pm=3153 slots=880000 (20323s)
[cap 1699] d0=4084562 pm=2642 slots=880000 (20333s)
[cap 1700] d0=3610329 pm=3308 slots=288000 (20349s)
[cap 1701] d0=2594090 pm=2043 slots=55040 (20355s)
[run clean] 200/300: running acc 6.00 (20355s)
[cap 1702] d0=4119361 pm=2350 slots=879975 (20404s)
[cap 1703] d0=4102822 pm=1977 slots=879975 (20414s)
[cap 1704] d0=4110408 pm=1853 slots=879975 (20424s)
[cap 1705] d0=4091246 pm=1551 slots=879975 (20434s)
[cap 1706] d0=4109768 pm=1461 slots=879975 (20445s)
[cap 1707] d0=4082328 pm=1413 slots=879975 (20455s)
[cap 1708] d0=4115264 pm=1326 slots=879975 (20465s)
[cap 1709] d0=4094290 pm=1473 slots=879975 (20475s)
[cap 1710] d0=4110088 pm=4722 slots=879975 (20485s)
[cap 1711] d0=4095711 pm=5074 slots=879975 (20496s)
[cap 1712] d0=4115792 pm=2356 slots=879975 (20506s)
[cap 1713] d0=4132680 pm=2249 slots=879975 (20516s)
[cap 1714] d0=4111688 pm=2048 slots=879975 (20526s)
[cap 1715] d0=4106616 pm=1941 slots=879975 (20537s)
[cap 1716] d0=4081639 pm=2122 slots=879975 (20547s)
[cap 1717] d0=4118826 pm=1618 slots=879975 (20557s)
[cap 1718] d0=4125751 pm=1776 slots=879975 (20567s)
[cap 1719] d0=4095213 pm=1781 slots=879975 (20577s)
[cap 1720] d0=4106454 pm=1792 slots=879975 (20588s)
[cap 1721] d0=4113046 pm=1817 slots=879975 (20598s)
[cap 1722] d0=4090245 pm=1869 slots=879975 (20608s)
[cap 1723] d0=4764369 pm=2383 slots=336525 (20637s)
[cap 1724] d0=4083344 pm=2687 slots=880000 (20686s)
[cap 1725] d0=4093116 pm=2122 slots=880000 (20697s)
[cap 1726] d0=4103198 pm=1973 slots=880000 (20707s)
[cap 1727] d0=4117869 pm=2133 slots=880000 (20717s)
[cap 1728] d0=4100728 pm=2037 slots=880000 (20727s)
[cap 1729] d0=4085986 pm=2161 slots=880000 (20738s)
[cap 1730] d0=4132810 pm=2102 slots=880000 (20748s)
[cap 1731] d0=4088204 pm=1961 slots=880000 (20758s)
[cap 1732] d0=4128669 pm=2175 slots=880000 (20768s)
[cap 1733] d0=4093370 pm=2159 slots=880000 (20779s)
[cap 1734] d0=4121732 pm=1993 slots=880000 (20789s)
[cap 1735] d0=4107108 pm=2036 slots=880000 (20799s)
[cap 1736] d0=4126184 pm=2050 slots=880000 (20809s)
[cap 1737] d0=4123159 pm=2122 slots=880000 (20819s)
[cap 1738] d0=4097882 pm=2056 slots=880000 (20830s)
[cap 1739] d0=4100263 pm=2121 slots=880000 (20840s)
[cap 1740] d0=4109472 pm=2148 slots=880000 (20850s)
[cap 1741] d0=4125075 pm=2030 slots=880000 (20860s)
[cap 1742] d0=4101723 pm=2037 slots=880000 (20870s)
[cap 1743] d0=4126524 pm=2203 slots=880000 (20881s)
[cap 1744] d0=4118728 pm=2023 slots=880000 (20891s)
[cap 1745] d0=4087755 pm=2294 slots=880000 (20901s)
[cap 1746] d0=4128177 pm=2137 slots=880000 (20912s)
[cap 1747] d0=4107285 pm=2163 slots=880000 (20922s)
[cap 1748] d0=4087810 pm=2375 slots=880000 (20932s)
[cap 1749] d0=4124564 pm=2457 slots=880000 (20942s)
[cap 1750] d0=4125834 pm=2248 slots=880000 (20952s)
[cap 1751] d0=4105068 pm=2250 slots=880000 (20963s)
[cap 1752] d0=4104154 pm=2372 slots=880000 (20973s)
[cap 1753] d0=4130363 pm=2272 slots=880000 (20983s)
[cap 1754] d0=4105397 pm=2136 slots=880000 (20993s)
[cap 1755] d0=4091907 pm=2185 slots=880000 (21003s)
[cap 1756] d0=4098866 pm=2147 slots=880000 (21014s)
[cap 1757] d0=4130282 pm=1968 slots=880000 (21024s)
[cap 1758] d0=4118054 pm=1868 slots=880000 (21034s)
[cap 1759] d0=4123301 pm=2082 slots=880000 (21044s)
[cap 1760] d0=4111084 pm=1862 slots=880000 (21054s)
[cap 1761] d0=4122132 pm=1925 slots=880000 (21065s)
[cap 1762] d0=4092515 pm=2167 slots=880000 (21075s)
[cap 1763] d0=4107495 pm=1993 slots=880000 (21085s)
[cap 1764] d0=4100196 pm=2208 slots=880000 (21095s)
[cap 1765] d0=4110571 pm=2269 slots=880000 (21105s)
[cap 1766] d0=4082108 pm=1926 slots=880000 (21116s)
[cap 1767] d0=4081570 pm=2039 slots=880000 (21126s)
[cap 1768] d0=4125633 pm=1971 slots=880000 (21136s)
[cap 1769] d0=4115336 pm=2039 slots=880000 (21146s)
[cap 1770] d0=4115835 pm=2219 slots=880000 (21156s)
[cap 1771] d0=4087446 pm=2295 slots=880000 (21167s)
[cap 1772] d0=4082604 pm=2140 slots=880000 (21177s)
[cap 1773] d0=4121404 pm=1967 slots=880000 (21187s)
[cap 1774] d0=4117788 pm=1873 slots=880000 (21197s)
[cap 1775] d0=4093897 pm=2044 slots=880000 (21208s)
[cap 1776] d0=4124153 pm=1927 slots=880000 (21218s)
[cap 1777] d0=4114058 pm=2060 slots=880000 (21228s)
[cap 1778] d0=4135883 pm=2106 slots=880000 (21238s)
[cap 1779] d0=4127441 pm=1943 slots=880000 (21248s)
[cap 1780] d0=4093720 pm=2100 slots=880000 (21259s)
[cap 1781] d0=4109900 pm=2295 slots=880000 (21269s)
[cap 1782] d0=1604986 pm=2592 slots=160000 (21279s)
[cap 1783] d0=4121984 pm=3289 slots=880000 (21329s)
[cap 1784] d0=4100969 pm=2527 slots=880000 (21339s)
[cap 1785] d0=3602623 pm=3030 slots=288000 (21356s)
[cap 1786] d0=2603417 pm=2064 slots=55040 (21362s)
[run clean] 210/300: running acc 5.71 (21362s)
[cap 1787] d0=4128501 pm=2831 slots=879975 (21412s)
[cap 1788] d0=4080430 pm=1922 slots=879975 (21422s)
[cap 1789] d0=4107750 pm=1665 slots=879975 (21432s)
[cap 1790] d0=4083769 pm=1552 slots=879975 (21442s)
[cap 1791] d0=4098235 pm=2967 slots=879975 (21453s)
[cap 1792] d0=4123703 pm=2723 slots=879975 (21463s)
[cap 1793] d0=4078429 pm=3577 slots=879975 (21473s)
[cap 1794] d0=4116328 pm=2108 slots=879975 (21483s)
[cap 1795] d0=4134078 pm=2114 slots=879975 (21493s)
[cap 1796] d0=4122083 pm=2120 slots=879975 (21504s)
[cap 1797] d0=4097667 pm=2056 slots=879975 (21514s)
[cap 1798] d0=4093343 pm=1513 slots=879975 (21524s)
[cap 1799] d0=4106771 pm=2546 slots=879975 (21534s)
[cap 1800] d0=4130185 pm=1711 slots=879975 (21545s)
[cap 1801] d0=4112548 pm=1500 slots=879975 (21555s)
[cap 1802] d0=4094587 pm=1763 slots=879975 (21565s)
[cap 1803] d0=4109720 pm=1619 slots=879975 (21575s)
[cap 1804] d0=4099347 pm=1373 slots=879975 (21585s)
[cap 1805] d0=4126743 pm=1613 slots=879975 (21596s)
[cap 1806] d0=4117753 pm=1745 slots=879975 (21606s)
[cap 1807] d0=4104133 pm=1856 slots=879975 (21616s)
[cap 1808] d0=5082430 pm=2080 slots=336525 (21646s)
[cap 1809] d0=4100065 pm=2690 slots=880000 (21694s)
[cap 1810] d0=4114643 pm=2001 slots=880000 (21704s)
[cap 1811] d0=4103781 pm=1908 slots=880000 (21715s)
[cap 1812] d0=4120799 pm=1984 slots=880000 (21725s)
[cap 1813] d0=4115131 pm=1827 slots=880000 (21735s)
[cap 1814] d0=4115360 pm=2036 slots=880000 (21745s)
[cap 1815] d0=4093662 pm=2223 slots=880000 (21755s)
[cap 1816] d0=4096566 pm=1965 slots=880000 (21766s)
[cap 1817] d0=4102275 pm=2246 slots=880000 (21776s)
[cap 1818] d0=4098087 pm=2202 slots=880000 (21786s)
[cap 1819] d0=4136364 pm=2013 slots=880000 (21796s)
[cap 1820] d0=4128229 pm=2066 slots=880000 (21806s)
[cap 1821] d0=4088404 pm=2235 slots=880000 (21817s)
[cap 1822] d0=4100174 pm=2199 slots=880000 (21827s)
[cap 1823] d0=4092720 pm=2169 slots=880000 (21837s)
[cap 1824] d0=4099496 pm=2353 slots=880000 (21847s)
[cap 1825] d0=4098398 pm=2440 slots=880000 (21858s)
[cap 1826] d0=4080203 pm=2462 slots=880000 (21868s)
[cap 1827] d0=4120421 pm=2305 slots=880000 (21878s)
[cap 1828] d0=4092301 pm=2152 slots=880000 (21888s)
[cap 1829] d0=4112786 pm=1854 slots=880000 (21898s)
[cap 1830] d0=4093510 pm=2053 slots=880000 (21909s)
[cap 1831] d0=4096249 pm=2182 slots=880000 (21919s)
[cap 1832] d0=4081609 pm=1935 slots=880000 (21929s)
[cap 1833] d0=4093769 pm=2185 slots=880000 (21939s)
[cap 1834] d0=4122797 pm=2231 slots=880000 (21950s)
[cap 1835] d0=4091635 pm=1974 slots=880000 (21960s)
[cap 1836] d0=4102747 pm=2026 slots=880000 (21970s)
[cap 1837] d0=4118615 pm=1994 slots=880000 (21980s)
[cap 1838] d0=4101363 pm=1915 slots=880000 (21990s)
[cap 1839] d0=4099254 pm=2107 slots=880000 (22001s)
[cap 1840] d0=4115761 pm=2120 slots=880000 (22011s)
[cap 1841] d0=4136472 pm=2196 slots=880000 (22021s)
[cap 1842] d0=4104817 pm=2122 slots=880000 (22031s)
[cap 1843] d0=4115900 pm=2075 slots=880000 (22041s)
[cap 1844] d0=4078241 pm=2200 slots=880000 (22052s)
[cap 1845] d0=4089123 pm=1958 slots=880000 (22062s)
[cap 1846] d0=4099265 pm=2159 slots=880000 (22072s)
[cap 1847] d0=4130389 pm=2164 slots=880000 (22082s)
[cap 1848] d0=4121980 pm=2080 slots=880000 (22092s)
[cap 1849] d0=4101512 pm=2181 slots=880000 (22103s)
[cap 1850] d0=4097802 pm=2198 slots=880000 (22113s)
[cap 1851] d0=4124076 pm=2191 slots=880000 (22123s)
[cap 1852] d0=4101601 pm=2125 slots=880000 (22133s)
[cap 1853] d0=4130254 pm=1869 slots=880000 (22143s)
[cap 1854] d0=4115423 pm=1990 slots=880000 (22154s)
[cap 1855] d0=4104873 pm=2195 slots=880000 (22164s)
[cap 1856] d0=4112087 pm=2165 slots=880000 (22174s)
[cap 1857] d0=4117350 pm=2097 slots=880000 (22184s)
[cap 1858] d0=4085010 pm=2029 slots=880000 (22195s)
[cap 1859] d0=4109916 pm=2155 slots=880000 (22205s)
[cap 1860] d0=4093557 pm=2154 slots=880000 (22215s)
[cap 1861] d0=4087814 pm=1901 slots=880000 (22225s)
[cap 1862] d0=4113538 pm=1993 slots=880000 (22235s)
[cap 1863] d0=4118620 pm=2069 slots=880000 (22246s)
[cap 1864] d0=4107848 pm=1920 slots=880000 (22256s)
[cap 1865] d0=4082703 pm=2029 slots=880000 (22266s)
[cap 1866] d0=4125471 pm=2148 slots=880000 (22276s)
[cap 1867] d0=1634234 pm=2421 slots=160000 (22286s)
[cap 1868] d0=4106607 pm=3156 slots=880000 (22335s)
[cap 1869] d0=4113943 pm=2369 slots=880000 (22345s)
[cap 1870] d0=3633196 pm=3152 slots=288000 (22361s)
[cap 1871] d0=2593056 pm=2061 slots=55040 (22368s)
[run clean] 220/300: running acc 5.45 (22368s)
[cap 1872] d0=4109123 pm=2551 slots=879975 (22416s)
[cap 1873] d0=4116667 pm=2555 slots=879975 (22426s)
[cap 1874] d0=4107378 pm=2788 slots=879975 (22436s)
[cap 1875] d0=4086444 pm=1546 slots=879975 (22447s)
[cap 1876] d0=4122552 pm=1395 slots=879975 (22457s)
[cap 1877] d0=4104329 pm=1439 slots=879975 (22467s)
[cap 1878] d0=4090633 pm=1496 slots=879975 (22477s)
[cap 1879] d0=4131536 pm=1537 slots=879975 (22488s)
[cap 1880] d0=4124964 pm=1519 slots=879975 (22498s)
[cap 1881] d0=4104992 pm=1705 slots=879975 (22508s)
[cap 1882] d0=4110585 pm=2318 slots=879975 (22518s)
[cap 1883] d0=4126326 pm=1871 slots=879975 (22529s)
[cap 1884] d0=4096465 pm=1499 slots=879975 (22539s)
[cap 1885] d0=4103759 pm=1943 slots=879975 (22549s)
[cap 1886] d0=4094870 pm=2001 slots=879975 (22559s)
[cap 1887] d0=4093312 pm=1772 slots=879975 (22569s)
[cap 1888] d0=4104920 pm=1918 slots=879975 (22580s)
[cap 1889] d0=4087079 pm=1961 slots=879975 (22590s)
[cap 1890] d0=4111072 pm=1971 slots=879975 (22600s)
[cap 1891] d0=4099922 pm=2085 slots=879975 (22610s)
[cap 1892] d0=4133401 pm=1797 slots=879975 (22621s)
[cap 1893] d0=4506638 pm=2177 slots=336525 (22650s)
[cap 1894] d0=4103347 pm=2663 slots=880000 (22699s)
[cap 1895] d0=4103766 pm=2352 slots=880000 (22709s)
[cap 1896] d0=4094546 pm=2227 slots=880000 (22719s)
[cap 1897] d0=4100646 pm=2080 slots=880000 (22729s)
[cap 1898] d0=4104023 pm=2363 slots=880000 (22740s)
[cap 1899] d0=4122915 pm=2196 slots=880000 (22750s)
[cap 1900] d0=4132951 pm=2110 slots=880000 (22760s)
[cap 1901] d0=4084183 pm=1902 slots=880000 (22770s)
[cap 1902] d0=4119226 pm=2100 slots=880000 (22780s)
[cap 1903] d0=4081151 pm=2103 slots=880000 (22791s)
[cap 1904] d0=4119418 pm=1984 slots=880000 (22801s)
[cap 1905] d0=4107473 pm=1983 slots=880000 (22811s)
[cap 1906] d0=4130880 pm=2019 slots=880000 (22821s)
[cap 1907] d0=4099356 pm=2009 slots=880000 (22831s)
[cap 1908] d0=4093500 pm=2085 slots=880000 (22842s)
[cap 1909] d0=4099785 pm=2237 slots=880000 (22852s)
[cap 1910] d0=4118068 pm=2209 slots=880000 (22862s)
[cap 1911] d0=4100469 pm=2135 slots=880000 (22872s)
[cap 1912] d0=4101656 pm=1866 slots=880000 (22882s)
[cap 1913] d0=4110819 pm=2083 slots=880000 (22893s)
[cap 1914] d0=4123126 pm=1820 slots=880000 (22903s)
[cap 1915] d0=4113971 pm=2007 slots=880000 (22913s)
[cap 1916] d0=4119081 pm=2131 slots=880000 (22923s)
[cap 1917] d0=4120137 pm=1962 slots=880000 (22934s)
[cap 1918] d0=4090092 pm=2127 slots=880000 (22944s)
[cap 1919] d0=4120664 pm=2197 slots=880000 (22954s)
[cap 1920] d0=4088185 pm=1922 slots=880000 (22964s)
[cap 1921] d0=4125749 pm=2100 slots=880000 (22974s)
[cap 1922] d0=4092036 pm=2033 slots=880000 (22985s)
[cap 1923] d0=4101728 pm=2086 slots=880000 (22995s)
[cap 1924] d0=4095245 pm=2119 slots=880000 (23005s)
[cap 1925] d0=4101598 pm=2136 slots=880000 (23015s)
[cap 1926] d0=4075835 pm=2043 slots=880000 (23026s)
[cap 1927] d0=4130310 pm=2028 slots=880000 (23036s)
[cap 1928] d0=4094606 pm=1913 slots=880000 (23046s)
[cap 1929] d0=4103927 pm=2035 slots=880000 (23056s)
[cap 1930] d0=4113325 pm=1831 slots=880000 (23067s)
[cap 1931] d0=4107701 pm=1964 slots=880000 (23077s)
[cap 1932] d0=4111642 pm=2098 slots=880000 (23087s)
[cap 1933] d0=4109212 pm=1979 slots=880000 (23097s)
[cap 1934] d0=4123391 pm=2234 slots=880000 (23108s)
[cap 1935] d0=4095679 pm=2201 slots=880000 (23118s)
[cap 1936] d0=4117378 pm=1959 slots=880000 (23128s)
[cap 1937] d0=4122473 pm=2028 slots=880000 (23138s)
[cap 1938] d0=4118048 pm=2087 slots=880000 (23149s)
[cap 1939] d0=4081860 pm=2046 slots=880000 (23159s)
[cap 1940] d0=4114685 pm=1980 slots=880000 (23169s)
[cap 1941] d0=4092979 pm=2213 slots=880000 (23179s)
[cap 1942] d0=4096646 pm=2105 slots=880000 (23189s)
[cap 1943] d0=4091302 pm=1964 slots=880000 (23200s)
[cap 1944] d0=4105112 pm=1925 slots=880000 (23210s)
[cap 1945] d0=4084768 pm=2190 slots=880000 (23220s)
[cap 1946] d0=4104537 pm=1818 slots=880000 (23230s)
[cap 1947] d0=4111338 pm=2047 slots=880000 (23240s)
[cap 1948] d0=4088277 pm=2144 slots=880000 (23251s)
[cap 1949] d0=4126819 pm=2039 slots=880000 (23261s)
[cap 1950] d0=4099811 pm=2104 slots=880000 (23271s)
[cap 1951] d0=4102091 pm=2238 slots=880000 (23281s)
[cap 1952] d0=6742580 pm=2534 slots=160000 (23291s)
[cap 1953] d0=4095503 pm=3179 slots=880000 (23340s)
[cap 1954] d0=4085217 pm=2493 slots=880000 (23350s)
[cap 1955] d0=3627736 pm=3032 slots=288000 (23366s)
[cap 1956] d0=852276 pm=2061 slots=55040 (23373s)
[run clean] 230/300: running acc 5.22 (23373s)
[cap 1957] d0=4122630 pm=2539 slots=879975 (23421s)
[cap 1958] d0=4121581 pm=2278 slots=879975 (23431s)
[cap 1959] d0=4122104 pm=4778 slots=879975 (23441s)
[cap 1960] d0=4084788 pm=8545 slots=879975 (23451s)
[cap 1961] d0=4129565 pm=1501 slots=879975 (23461s)
[cap 1962] d0=4119502 pm=1570 slots=879975 (23472s)
[cap 1963] d0=4116850 pm=1323 slots=879975 (23482s)
[cap 1964] d0=4112640 pm=1571 slots=879975 (23492s)
[cap 1965] d0=4102846 pm=1993 slots=879975 (23502s)
[cap 1966] d0=4086126 pm=1850 slots=879975 (23513s)
[cap 1967] d0=4120777 pm=1465 slots=879975 (23523s)
[cap 1968] d0=4092131 pm=1489 slots=879975 (23533s)
[cap 1969] d0=4117191 pm=2039 slots=879975 (23543s)
[cap 1970] d0=4132752 pm=1897 slots=879975 (23553s)
[cap 1971] d0=4103548 pm=1914 slots=879975 (23564s)
[cap 1972] d0=4108243 pm=1737 slots=879975 (23574s)
[cap 1973] d0=4101600 pm=1794 slots=879975 (23584s)
[cap 1974] d0=4105576 pm=2020 slots=879975 (23594s)
[cap 1975] d0=4109600 pm=1750 slots=879975 (23604s)
[cap 1976] d0=4102910 pm=1883 slots=879975 (23615s)
[cap 1977] d0=4125603 pm=2302 slots=879975 (23625s)
[cap 1978] d0=6674673 pm=2525 slots=336525 (23654s)
[cap 1979] d0=4111696 pm=2688 slots=880000 (23703s)
[cap 1980] d0=4089143 pm=2094 slots=880000 (23713s)
[cap 1981] d0=4121053 pm=2144 slots=880000 (23723s)
[cap 1982] d0=4108344 pm=2138 slots=880000 (23734s)
[cap 1983] d0=4115370 pm=1896 slots=880000 (23744s)
[cap 1984] d0=4133621 pm=2251 slots=880000 (23754s)
[cap 1985] d0=4130647 pm=2236 slots=880000 (23764s)
[cap 1986] d0=4134004 pm=2447 slots=880000 (23774s)
[cap 1987] d0=4091102 pm=3345 slots=880000 (23785s)
[cap 1988] d0=4089391 pm=2716 slots=880000 (23795s)
[cap 1989] d0=4084632 pm=2315 slots=880000 (23805s)
[cap 1990] d0=4095449 pm=2317 slots=880000 (23815s)
[cap 1991] d0=4096038 pm=2096 slots=880000 (23826s)
[cap 1992] d0=4126261 pm=2016 slots=880000 (23836s)
[cap 1993] d0=4097225 pm=2003 slots=880000 (23846s)
[cap 1994] d0=4114140 pm=2140 slots=880000 (23856s)
[cap 1995] d0=4108852 pm=2116 slots=880000 (23867s)
[cap 1996] d0=4131841 pm=2043 slots=880000 (23877s)
[cap 1997] d0=4089836 pm=1992 slots=880000 (23887s)
[cap 1998] d0=4089385 pm=2106 slots=880000 (23897s)
[cap 1999] d0=4097718 pm=1815 slots=880000 (23907s)
[cap 2000] d0=4102561 pm=2027 slots=880000 (23918s)
[cap 2001] d0=4119981 pm=2113 slots=880000 (23928s)
[cap 2002] d0=4132748 pm=1879 slots=880000 (23938s)
[cap 2003] d0=4112144 pm=2104 slots=880000 (23948s)
[cap 2004] d0=4122308 pm=2192 slots=880000 (23958s)
[cap 2005] d0=4123791 pm=1936 slots=880000 (23969s)
[cap 2006] d0=4125456 pm=2041 slots=880000 (23979s)
[cap 2007] d0=4108354 pm=2051 slots=880000 (23989s)
[cap 2008] d0=4103921 pm=2018 slots=880000 (23999s)
[cap 2009] d0=4093604 pm=2130 slots=880000 (24010s)
[cap 2010] d0=4088500 pm=2082 slots=880000 (24020s)
[cap 2011] d0=4104895 pm=2148 slots=880000 (24030s)
[cap 2012] d0=4083890 pm=2050 slots=880000 (24040s)
[cap 2013] d0=4137258 pm=2203 slots=880000 (24050s)
[cap 2014] d0=4085250 pm=2094 slots=880000 (24061s)
[cap 2015] d0=4122011 pm=2120 slots=880000 (24071s)
[cap 2016] d0=4100519 pm=2323 slots=880000 (24081s)
[cap 2017] d0=4113184 pm=2085 slots=880000 (24091s)
[cap 2018] d0=4118783 pm=1903 slots=880000 (24102s)
[cap 2019] d0=4095444 pm=2054 slots=880000 (24112s)
[cap 2020] d0=4107632 pm=2307 slots=880000 (24122s)
[cap 2021] d0=4090047 pm=1997 slots=880000 (24132s)
[cap 2022] d0=4081218 pm=2062 slots=880000 (24142s)
[cap 2023] d0=4082983 pm=2163 slots=880000 (24153s)
[cap 2024] d0=4127679 pm=2187 slots=880000 (24163s)
[cap 2025] d0=4119345 pm=2225 slots=880000 (24173s)
[cap 2026] d0=4113246 pm=2136 slots=880000 (24183s)
[cap 2027] d0=4099674 pm=1983 slots=880000 (24193s)
[cap 2028] d0=4130718 pm=2019 slots=880000 (24204s)
[cap 2029] d0=4108256 pm=1931 slots=880000 (24214s)
[cap 2030] d0=4094376 pm=2129 slots=880000 (24224s)
[cap 2031] d0=4106298 pm=1854 slots=880000 (24234s)
[cap 2032] d0=4097968 pm=2089 slots=880000 (24245s)
[cap 2033] d0=4106275 pm=2144 slots=880000 (24255s)
[cap 2034] d0=4077170 pm=1938 slots=880000 (24265s)
[cap 2035] d0=4123582 pm=2048 slots=880000 (24275s)
[cap 2036] d0=4110020 pm=2194 slots=880000 (24286s)
[cap 2037] d0=6776420 pm=2563 slots=160000 (24296s)
[cap 2038] d0=4128437 pm=3149 slots=880000 (24344s)
[cap 2039] d0=4117565 pm=2383 slots=880000 (24354s)
[cap 2040] d0=3603589 pm=2955 slots=288000 (24371s)
[cap 2041] d0=817907 pm=2055 slots=55040 (24377s)
[run clean] 240/300: running acc 5.00 (24377s)
[cap 2042] d0=4129157 pm=2298 slots=879975 (24425s)
[cap 2043] d0=4117581 pm=2190 slots=879975 (24435s)
[cap 2044] d0=4104625 pm=2296 slots=879975 (24445s)
[cap 2045] d0=4133588 pm=1712 slots=879975 (24455s)
[cap 2046] d0=4109992 pm=1689 slots=879975 (24466s)
[cap 2047] d0=4102831 pm=1707 slots=879975 (24476s)
[cap 2048] d0=4107912 pm=1512 slots=879975 (24486s)
[cap 2049] d0=4116403 pm=1567 slots=879975 (24496s)
[cap 2050] d0=4116067 pm=2151 slots=879975 (24507s)
[cap 2051] d0=4075825 pm=3640 slots=879975 (24517s)
[cap 2052] d0=4102651 pm=3509 slots=879975 (24527s)
[cap 2053] d0=4110015 pm=2007 slots=879975 (24537s)
[cap 2054] d0=4109074 pm=1828 slots=879975 (24547s)
[cap 2055] d0=4104947 pm=2007 slots=879975 (24558s)
[cap 2056] d0=4118981 pm=6296 slots=879975 (24568s)
[cap 2057] d0=4108341 pm=3112 slots=879975 (24578s)
[cap 2058] d0=4121805 pm=1603 slots=879975 (24588s)
[cap 2059] d0=4087619 pm=1562 slots=879975 (24598s)
[cap 2060] d0=4097665 pm=2021 slots=879975 (24609s)
[cap 2061] d0=4126707 pm=2353 slots=879975 (24619s)
[cap 2062] d0=4128829 pm=2002 slots=879975 (24629s)
[cap 2063] d0=5691410 pm=2708 slots=336525 (24658s)
[cap 2064] d0=4117146 pm=2698 slots=880000 (24707s)
[cap 2065] d0=4082657 pm=2171 slots=880000 (24717s)
[cap 2066] d0=4136996 pm=2260 slots=880000 (24727s)
[cap 2067] d0=4100877 pm=2090 slots=880000 (24737s)
[cap 2068] d0=4127748 pm=1912 slots=880000 (24747s)
[cap 2069] d0=4086478 pm=2214 slots=880000 (24758s)
[cap 2070] d0=4090577 pm=2167 slots=880000 (24768s)
[cap 2071] d0=4112466 pm=1990 slots=880000 (24778s)
[cap 2072] d0=4096044 pm=2221 slots=880000 (24788s)
[cap 2073] d0=4134474 pm=2181 slots=880000 (24799s)
[cap 2074] d0=4111477 pm=1984 slots=880000 (24809s)
[cap 2075] d0=4121083 pm=1995 slots=880000 (24819s)
[cap 2076] d0=4099453 pm=2060 slots=880000 (24829s)
[cap 2077] d0=4110020 pm=2001 slots=880000 (24840s)
[cap 2078] d0=4113941 pm=2024 slots=880000 (24850s)
[cap 2079] d0=4119345 pm=2177 slots=880000 (24860s)
[cap 2080] d0=4127087 pm=2091 slots=880000 (24871s)
[cap 2081] d0=4115439 pm=2076 slots=880000 (24881s)
[cap 2082] d0=4097674 pm=1956 slots=880000 (24891s)
[cap 2083] d0=4106096 pm=2038 slots=880000 (24901s)
[cap 2084] d0=4089794 pm=1949 slots=880000 (24911s)
[cap 2085] d0=4101342 pm=2037 slots=880000 (24922s)
[cap 2086] d0=4093178 pm=2170 slots=880000 (24932s)
[cap 2087] d0=4108838 pm=1945 slots=880000 (24942s)
[cap 2088] d0=4101441 pm=2285 slots=880000 (24952s)
[cap 2089] d0=4124599 pm=2282 slots=880000 (24963s)
[cap 2090] d0=4134053 pm=1942 slots=880000 (24973s)
[cap 2091] d0=4111716 pm=1933 slots=880000 (24983s)
[cap 2092] d0=4134899 pm=1851 slots=880000 (24993s)
[cap 2093] d0=4087331 pm=1938 slots=880000 (25004s)
[cap 2094] d0=4108569 pm=1956 slots=880000 (25014s)
[cap 2095] d0=4083256 pm=2196 slots=880000 (25024s)
[cap 2096] d0=4108944 pm=2162 slots=880000 (25034s)
[cap 2097] d0=4085970 pm=2003 slots=880000 (25044s)
[cap 2098] d0=4125734 pm=2197 slots=880000 (25055s)
[cap 2099] d0=4103894 pm=2160 slots=880000 (25065s)
[cap 2100] d0=4094948 pm=1885 slots=880000 (25075s)
[cap 2101] d0=4102011 pm=2077 slots=880000 (25085s)
[cap 2102] d0=4112340 pm=2110 slots=880000 (25096s)
[cap 2103] d0=4118275 pm=1993 slots=880000 (25106s)
[cap 2104] d0=4116780 pm=2252 slots=880000 (25116s)
[cap 2105] d0=4112645 pm=2469 slots=880000 (25126s)
[cap 2106] d0=4126076 pm=2298 slots=880000 (25136s)
[cap 2107] d0=4108107 pm=1999 slots=880000 (25147s)
[cap 2108] d0=4092273 pm=1932 slots=880000 (25157s)
[cap 2109] d0=4102245 pm=2094 slots=880000 (25167s)
[cap 2110] d0=4111106 pm=2154 slots=880000 (25177s)
[cap 2111] d0=4112125 pm=2248 slots=880000 (25187s)
[cap 2112] d0=4085287 pm=2279 slots=880000 (25198s)
[cap 2113] d0=4111224 pm=2034 slots=880000 (25208s)
[cap 2114] d0=4095092 pm=1953 slots=880000 (25218s)
[cap 2115] d0=4099574 pm=2281 slots=880000 (25228s)
[cap 2116] d0=4097138 pm=1980 slots=880000 (25238s)
[cap 2117] d0=4073843 pm=2064 slots=880000 (25249s)
[cap 2118] d0=4097698 pm=2179 slots=880000 (25259s)
[cap 2119] d0=4116843 pm=2113 slots=880000 (25269s)
[cap 2120] d0=4094736 pm=2186 slots=880000 (25279s)
[cap 2121] d0=4119246 pm=2330 slots=880000 (25289s)
[cap 2122] d0=1619798 pm=2564 slots=160000 (25300s)
[cap 2123] d0=4109361 pm=3100 slots=880000 (25349s)
[cap 2124] d0=4078759 pm=2481 slots=880000 (25359s)
[cap 2125] d0=3615817 pm=3187 slots=288000 (25375s)
[cap 2126] d0=2627255 pm=2033 slots=55040 (25382s)
[run clean] 250/300: running acc 5.20 (25382s)
[cap 2127] d0=4123648 pm=2048 slots=879975 (25431s)
[cap 2128] d0=4076856 pm=1624 slots=879975 (25442s)
[cap 2129] d0=4086374 pm=1874 slots=879975 (25452s)
[cap 2130] d0=4123583 pm=1684 slots=879975 (25462s)
[cap 2131] d0=4080252 pm=1648 slots=879975 (25472s)
[cap 2132] d0=4099750 pm=1426 slots=879975 (25483s)
[cap 2133] d0=4109024 pm=1389 slots=879975 (25493s)
[cap 2134] d0=4101704 pm=1569 slots=879975 (25503s)
[cap 2135] d0=4094750 pm=1914 slots=879975 (25513s)
[cap 2136] d0=4120339 pm=2445 slots=879975 (25524s)
[cap 2137] d0=4096595 pm=2430 slots=879975 (25534s)
[cap 2138] d0=4094383 pm=2836 slots=879975 (25544s)
[cap 2139] d0=4117868 pm=1884 slots=879975 (25554s)
[cap 2140] d0=4093746 pm=1997 slots=879975 (25564s)
[cap 2141] d0=4106846 pm=2386 slots=879975 (25575s)
[cap 2142] d0=4125568 pm=1749 slots=879975 (25585s)
[cap 2143] d0=4117149 pm=1554 slots=879975 (25595s)
[cap 2144] d0=4113591 pm=1636 slots=879975 (25605s)
[cap 2145] d0=4108118 pm=2169 slots=879975 (25615s)
[cap 2146] d0=4124532 pm=5532 slots=879975 (25626s)
[cap 2147] d0=4106177 pm=3961 slots=879975 (25636s)
[cap 2148] d0=2021683 pm=6045 slots=336525 (25666s)
[cap 2149] d0=4126354 pm=2545 slots=880000 (25715s)
[cap 2150] d0=4130936 pm=2001 slots=880000 (25725s)
[cap 2151] d0=4099959 pm=1841 slots=880000 (25735s)
[cap 2152] d0=4123772 pm=2036 slots=880000 (25745s)
[cap 2153] d0=4121094 pm=1875 slots=880000 (25756s)
[cap 2154] d0=4108562 pm=2095 slots=880000 (25766s)
[cap 2155] d0=4122262 pm=2143 slots=880000 (25776s)
[cap 2156] d0=4120493 pm=1994 slots=880000 (25786s)
[cap 2157] d0=4099797 pm=2241 slots=880000 (25797s)
[cap 2158] d0=4106499 pm=2321 slots=880000 (25807s)
[cap 2159] d0=4101585 pm=1997 slots=880000 (25817s)
[cap 2160] d0=4102694 pm=2010 slots=880000 (25827s)
[cap 2161] d0=4113023 pm=1940 slots=880000 (25837s)
[cap 2162] d0=4092514 pm=1984 slots=880000 (25847s)
[cap 2163] d0=4122325 pm=1929 slots=880000 (25858s)
[cap 2164] d0=4093613 pm=2199 slots=880000 (25868s)
[cap 2165] d0=4109728 pm=2147 slots=880000 (25878s)
[cap 2166] d0=4103206 pm=2049 slots=880000 (25888s)
[cap 2167] d0=4084159 pm=1931 slots=880000 (25898s)
[cap 2168] d0=4121294 pm=2068 slots=880000 (25909s)
[cap 2169] d0=4092652 pm=1915 slots=880000 (25919s)
[cap 2170] d0=4104076 pm=1969 slots=880000 (25929s)
[cap 2171] d0=4107326 pm=2115 slots=880000 (25939s)
[cap 2172] d0=4118069 pm=1988 slots=880000 (25949s)
[cap 2173] d0=4113919 pm=2208 slots=880000 (25960s)
[cap 2174] d0=4137727 pm=2323 slots=880000 (25970s)
[cap 2175] d0=4086142 pm=2066 slots=880000 (25980s)
[cap 2176] d0=4107263 pm=2350 slots=880000 (25990s)
[cap 2177] d0=4105022 pm=2261 slots=880000 (26001s)
[cap 2178] d0=4112667 pm=2126 slots=880000 (26011s)
[cap 2179] d0=4083778 pm=2132 slots=880000 (26021s)
[cap 2180] d0=4080630 pm=2164 slots=880000 (26031s)
[cap 2181] d0=4083133 pm=2063 slots=880000 (26042s)
[cap 2182] d0=4099909 pm=1942 slots=880000 (26052s)
[cap 2183] d0=4131155 pm=2099 slots=880000 (26062s)
[cap 2184] d0=4081164 pm=2009 slots=880000 (26072s)
[cap 2185] d0=4099091 pm=1901 slots=880000 (26083s)
[cap 2186] d0=4086240 pm=2126 slots=880000 (26093s)
[cap 2187] d0=4098103 pm=2065 slots=880000 (26103s)
[cap 2188] d0=4123034 pm=1997 slots=880000 (26113s)
[cap 2189] d0=4129700 pm=2216 slots=880000 (26123s)
[cap 2190] d0=4121315 pm=2248 slots=880000 (26134s)
[cap 2191] d0=4118434 pm=1997 slots=880000 (26144s)
[cap 2192] d0=4124154 pm=2129 slots=880000 (26154s)
[cap 2193] d0=4123927 pm=2127 slots=880000 (26164s)
[cap 2194] d0=4082089 pm=2060 slots=880000 (26174s)
[cap 2195] d0=4104942 pm=2023 slots=880000 (26185s)
[cap 2196] d0=4126689 pm=2188 slots=880000 (26195s)
[cap 2197] d0=4077789 pm=2007 slots=880000 (26205s)
[cap 2198] d0=4126341 pm=2010 slots=880000 (26215s)
[cap 2199] d0=4108186 pm=1948 slots=880000 (26226s)
[cap 2200] d0=4109087 pm=2153 slots=880000 (26236s)
[cap 2201] d0=4125888 pm=1841 slots=880000 (26246s)
[cap 2202] d0=4122221 pm=2214 slots=880000 (26256s)
[cap 2203] d0=4090459 pm=2882 slots=880000 (26266s)
[cap 2204] d0=4124002 pm=2518 slots=880000 (26277s)
[cap 2205] d0=4120294 pm=2653 slots=880000 (26287s)
[cap 2206] d0=4086817 pm=2756 slots=880000 (26297s)
[cap 2207] d0=6755528 pm=3090 slots=160000 (26307s)
[cap 2208] d0=4091890 pm=3068 slots=880000 (26355s)
[cap 2209] d0=4090914 pm=2403 slots=880000 (26366s)
[cap 2210] d0=3653073 pm=3621 slots=288000 (26382s)
[cap 2211] d0=2614621 pm=2027 slots=55040 (26388s)
[run clean] 260/300: running acc 5.38 (26388s)
[cap 2212] d0=4108487 pm=2316 slots=879975 (26436s)
[cap 2213] d0=4107546 pm=2279 slots=879975 (26446s)
[cap 2214] d0=4095733 pm=1999 slots=879975 (26456s)
[cap 2215] d0=4112993 pm=2534 slots=879975 (26467s)
[cap 2216] d0=4090056 pm=2525 slots=879975 (26477s)
[cap 2217] d0=4120992 pm=1559 slots=879975 (26487s)
[cap 2218] d0=4122675 pm=1457 slots=879975 (26498s)
[cap 2219] d0=4085721 pm=1463 slots=879975 (26508s)
[cap 2220] d0=4108056 pm=8746 slots=879975 (26518s)
[cap 2221] d0=4084372 pm=11376 slots=879975 (26528s)
[cap 2222] d0=4104534 pm=1969 slots=879975 (26538s)
[cap 2223] d0=4126346 pm=2132 slots=879975 (26549s)
[cap 2224] d0=4113490 pm=1982 slots=879975 (26559s)
[cap 2225] d0=4113954 pm=1593 slots=879975 (26569s)
[cap 2226] d0=4092284 pm=1562 slots=879975 (26579s)
[cap 2227] d0=4125935 pm=1466 slots=879975 (26589s)
[cap 2228] d0=4120205 pm=1612 slots=879975 (26600s)
[cap 2229] d0=4116965 pm=1707 slots=879975 (26610s)
[cap 2230] d0=4078032 pm=1611 slots=879975 (26620s)
[cap 2231] d0=4111244 pm=1513 slots=879975 (26630s)
[cap 2232] d0=4096654 pm=1604 slots=879975 (26640s)
[cap 2233] d0=6668275 pm=2053 slots=336525 (26669s)
[cap 2234] d0=4106340 pm=2547 slots=880000 (26718s)
[cap 2235] d0=4098852 pm=2059 slots=880000 (26728s)
[cap 2236] d0=4110162 pm=1968 slots=880000 (26739s)
[cap 2237] d0=4115660 pm=2035 slots=880000 (26749s)
[cap 2238] d0=4109804 pm=1924 slots=880000 (26759s)
[cap 2239] d0=4119498 pm=2128 slots=880000 (26769s)
[cap 2240] d0=4113538 pm=2287 slots=880000 (26780s)
[cap 2241] d0=4107893 pm=2061 slots=880000 (26790s)
[cap 2242] d0=4120798 pm=2297 slots=880000 (26800s)
[cap 2243] d0=4100672 pm=2278 slots=880000 (26810s)
[cap 2244] d0=4126966 pm=2134 slots=880000 (26821s)
[cap 2245] d0=4103382 pm=1988 slots=880000 (26831s)
[cap 2246] d0=4099052 pm=1966 slots=880000 (26841s)
[cap 2247] d0=4119590 pm=2202 slots=880000 (26851s)
[cap 2248] d0=4137509 pm=2026 slots=880000 (26862s)
[cap 2249] d0=4123960 pm=2124 slots=880000 (26872s)
[cap 2250] d0=4092501 pm=2067 slots=880000 (26882s)
[cap 2251] d0=4103163 pm=2001 slots=880000 (26892s)
[cap 2252] d0=4117962 pm=2067 slots=880000 (26903s)
[cap 2253] d0=4117936 pm=2069 slots=880000 (26913s)
[cap 2254] d0=4124484 pm=1853 slots=880000 (26923s)
[cap 2255] d0=4115825 pm=2081 slots=880000 (26933s)
[cap 2256] d0=4114687 pm=2181 slots=880000 (26944s)
[cap 2257] d0=4114198 pm=2013 slots=880000 (26954s)
[cap 2258] d0=4127419 pm=2747 slots=880000 (26964s)
[cap 2259] d0=4087534 pm=2931 slots=880000 (26974s)
[cap 2260] d0=4116522 pm=2079 slots=880000 (26984s)
[cap 2261] d0=4092011 pm=2049 slots=880000 (26995s)
[cap 2262] d0=4091604 pm=2066 slots=880000 (27005s)
[cap 2263] d0=4076442 pm=1932 slots=880000 (27015s)
[cap 2264] d0=4109357 pm=1880 slots=880000 (27025s)
[cap 2265] d0=4115005 pm=2116 slots=880000 (27035s)
[cap 2266] d0=4091594 pm=2098 slots=880000 (27046s)
[cap 2267] d0=4122417 pm=1959 slots=880000 (27056s)
[cap 2268] d0=4106034 pm=1844 slots=880000 (27066s)
[cap 2269] d0=4105786 pm=2000 slots=880000 (27076s)
[cap 2270] d0=4109796 pm=1875 slots=880000 (27086s)
[cap 2271] d0=4113494 pm=2152 slots=880000 (27097s)
[cap 2272] d0=4124111 pm=2144 slots=880000 (27107s)
[cap 2273] d0=4103346 pm=1958 slots=880000 (27117s)
[cap 2274] d0=4078092 pm=2151 slots=880000 (27127s)
[cap 2275] d0=4102116 pm=2160 slots=880000 (27137s)
[cap 2276] d0=4119190 pm=2032 slots=880000 (27148s)
[cap 2277] d0=4092461 pm=1989 slots=880000 (27158s)
[cap 2278] d0=4122058 pm=1901 slots=880000 (27168s)
[cap 2279] d0=4117850 pm=2024 slots=880000 (27178s)
[cap 2280] d0=4093723 pm=2089 slots=880000 (27188s)
[cap 2281] d0=4110165 pm=2117 slots=880000 (27199s)
[cap 2282] d0=4128022 pm=2100 slots=880000 (27209s)
[cap 2283] d0=4102600 pm=2013 slots=880000 (27219s)
[cap 2284] d0=4092586 pm=1799 slots=880000 (27229s)
[cap 2285] d0=4078655 pm=2076 slots=880000 (27239s)
[cap 2286] d0=4103534 pm=1824 slots=880000 (27250s)
[cap 2287] d0=4114636 pm=2039 slots=880000 (27260s)
[cap 2288] d0=4090544 pm=2289 slots=880000 (27270s)
[cap 2289] d0=4098066 pm=2000 slots=880000 (27280s)
[cap 2290] d0=4094118 pm=2251 slots=880000 (27291s)
[cap 2291] d0=4107956 pm=2336 slots=880000 (27301s)
[cap 2292] d0=1610976 pm=2605 slots=160000 (27311s)
[cap 2293] d0=4100904 pm=3184 slots=880000 (27359s)
[cap 2294] d0=4128712 pm=2543 slots=880000 (27369s)
[cap 2295] d0=3607671 pm=3285 slots=288000 (27385s)
[cap 2296] d0=2625546 pm=2042 slots=55040 (27392s)
[run clean] 270/300: running acc 5.19 (27392s)
[cap 2297] d0=4119867 pm=2266 slots=879975 (27440s)
[cap 2298] d0=4111761 pm=2230 slots=879975 (27450s)
[cap 2299] d0=4082572 pm=2363 slots=879975 (27460s)
[cap 2300] d0=4113764 pm=1461 slots=879975 (27471s)
[cap 2301] d0=4125742 pm=1643 slots=879975 (27481s)
[cap 2302] d0=4124731 pm=1608 slots=879975 (27491s)
[cap 2303] d0=4118416 pm=1510 slots=879975 (27501s)
[cap 2304] d0=3934872 pm=2141 slots=879975 (27542s)
[cap 2305] d0=4088287 pm=2467 slots=879975 (27583s)
[cap 2306] d0=4090699 pm=2239 slots=879975 (27593s)
[cap 2307] d0=4105851 pm=1659 slots=879975 (27604s)
[cap 2308] d0=4108535 pm=1555 slots=879975 (27614s)
[cap 2309] d0=4121868 pm=1705 slots=879975 (27624s)
[cap 2310] d0=4119935 pm=1734 slots=879975 (27634s)
[cap 2311] d0=4090627 pm=1500 slots=879975 (27644s)
[cap 2312] d0=4106479 pm=1515 slots=879975 (27655s)
[cap 2313] d0=4084612 pm=1664 slots=879975 (27665s)
[cap 2314] d0=4116851 pm=1693 slots=879975 (27675s)
[cap 2315] d0=4126228 pm=1805 slots=879975 (27685s)
[cap 2316] d0=4123196 pm=1646 slots=879975 (27696s)
[cap 2317] d0=4125974 pm=1899 slots=879975 (27706s)
[cap 2318] d0=5951473 pm=2350 slots=336525 (27735s)
[cap 2319] d0=4128706 pm=2608 slots=880000 (27783s)
[cap 2320] d0=4096621 pm=2110 slots=880000 (27793s)
[cap 2321] d0=4130979 pm=2104 slots=880000 (27804s)
[cap 2322] d0=4082890 pm=2002 slots=880000 (27814s)
[cap 2323] d0=4093682 pm=1828 slots=880000 (27824s)
[cap 2324] d0=4028210 pm=93 slots=880000 (27834s)
[cap 2325] d0=4087566 pm=89 slots=880000 (27845s)
[cap 2326] d0=4105869 pm=2007 slots=880000 (27855s)
[cap 2327] d0=4118584 pm=2230 slots=880000 (27865s)
[cap 2328] d0=4087635 pm=2127 slots=880000 (27875s)
[cap 2329] d0=4113799 pm=2028 slots=880000 (27885s)
[cap 2330] d0=4096550 pm=1929 slots=880000 (27896s)
[cap 2331] d0=4122054 pm=1881 slots=880000 (27906s)
[cap 2332] d0=4106699 pm=1896 slots=880000 (27916s)
[cap 2333] d0=4092593 pm=2051 slots=880000 (27926s)
[cap 2334] d0=4100048 pm=2106 slots=880000 (27937s)
[cap 2335] d0=4120920 pm=2171 slots=880000 (27947s)
[cap 2336] d0=4093254 pm=2090 slots=880000 (27957s)
[cap 2337] d0=4132728 pm=2185 slots=880000 (27967s)
[cap 2338] d0=4090871 pm=2054 slots=880000 (27978s)
[cap 2339] d0=4128275 pm=1912 slots=880000 (27988s)
[cap 2340] d0=4101232 pm=2065 slots=880000 (27998s)
[cap 2341] d0=4117057 pm=2098 slots=880000 (28008s)
[cap 2342] d0=4110233 pm=1975 slots=880000 (28018s)
[cap 2343] d0=4088949 pm=2117 slots=880000 (28029s)
[cap 2344] d0=4090386 pm=2437 slots=880000 (28039s)
[cap 2345] d0=4124736 pm=2262 slots=880000 (28049s)
[cap 2346] d0=4106541 pm=2118 slots=880000 (28059s)
[cap 2347] d0=4102718 pm=2050 slots=880000 (28069s)
[cap 2348] d0=4089894 pm=2016 slots=880000 (28080s)
[cap 2349] d0=4093082 pm=2231 slots=880000 (28090s)
[cap 2350] d0=4109429 pm=2109 slots=880000 (28100s)
[cap 2351] d0=4098820 pm=2210 slots=880000 (28110s)
[cap 2352] d0=4110430 pm=2516 slots=880000 (28121s)
[cap 2353] d0=4082720 pm=2402 slots=880000 (28131s)
[cap 2354] d0=4113210 pm=2062 slots=880000 (28141s)
[cap 2355] d0=4129287 pm=1997 slots=880000 (28151s)
[cap 2356] d0=4124091 pm=2298 slots=880000 (28161s)
[cap 2357] d0=4092405 pm=2444 slots=880000 (28172s)
[cap 2358] d0=4110893 pm=1945 slots=880000 (28182s)
[cap 2359] d0=4091316 pm=2232 slots=880000 (28192s)
[cap 2360] d0=4080939 pm=2275 slots=880000 (28202s)
[cap 2361] d0=4117657 pm=2029 slots=880000 (28212s)
[cap 2362] d0=4122700 pm=2090 slots=880000 (28222s)
[cap 2363] d0=4107126 pm=2029 slots=880000 (28233s)
[cap 2364] d0=4134346 pm=2114 slots=880000 (28243s)
[cap 2365] d0=4086262 pm=2054 slots=880000 (28253s)
[cap 2366] d0=4132809 pm=1969 slots=880000 (28263s)
[cap 2367] d0=4119585 pm=2093 slots=880000 (28273s)
[cap 2368] d0=4085576 pm=2148 slots=880000 (28284s)
[cap 2369] d0=4120594 pm=2075 slots=880000 (28294s)
[cap 2370] d0=4129955 pm=1971 slots=880000 (28304s)
[cap 2371] d0=4104212 pm=1917 slots=880000 (28314s)
[cap 2372] d0=4092036 pm=2107 slots=880000 (28325s)
[cap 2373] d0=4098875 pm=2132 slots=880000 (28335s)
[cap 2374] d0=4096814 pm=1978 slots=880000 (28345s)
[cap 2375] d0=4078964 pm=2121 slots=880000 (28355s)
[cap 2376] d0=4078437 pm=2264 slots=880000 (28365s)
[cap 2377] d0=6723756 pm=2554 slots=160000 (28375s)
[cap 2378] d0=4121482 pm=3141 slots=880000 (28424s)
[cap 2379] d0=4089707 pm=2520 slots=880000 (28434s)
[cap 2380] d0=3656178 pm=3145 slots=288000 (28451s)
[cap 2381] d0=836610 pm=2017 slots=55040 (28457s)
[run clean] 280/300: running acc 5.00 (28457s)
[cap 2382] d0=4127975 pm=2426 slots=879975 (28505s)
[cap 2383] d0=4124725 pm=1917 slots=879975 (28515s)
[cap 2384] d0=4097705 pm=1843 slots=879975 (28525s)
[cap 2385] d0=4080919 pm=1673 slots=879975 (28536s)
[cap 2386] d0=4107320 pm=1610 slots=879975 (28546s)
[cap 2387] d0=4097289 pm=1697 slots=879975 (28556s)
[cap 2388] d0=4126576 pm=1413 slots=879975 (28566s)
[cap 2389] d0=4130432 pm=1597 slots=879975 (28576s)
[cap 2390] d0=4105528 pm=1648 slots=879975 (28587s)
[cap 2391] d0=4080902 pm=1948 slots=879975 (28597s)
[cap 2392] d0=4105854 pm=1736 slots=879975 (28607s)
[cap 2393] d0=4098323 pm=1893 slots=879975 (28617s)
[cap 2394] d0=4085308 pm=2096 slots=879975 (28627s)
[cap 2395] d0=4118003 pm=1552 slots=879975 (28638s)
[cap 2396] d0=4084605 pm=1507 slots=879975 (28648s)
[cap 2397] d0=4084995 pm=1629 slots=879975 (28658s)
[cap 2398] d0=4116754 pm=1994 slots=879975 (28668s)
[cap 2399] d0=4103709 pm=1721 slots=879975 (28678s)
[cap 2400] d0=4119402 pm=1641 slots=879975 (28689s)
[cap 2401] d0=4131049 pm=1697 slots=879975 (28699s)
[cap 2402] d0=4101518 pm=1624 slots=879975 (28709s)
[cap 2403] d0=5703042 pm=2370 slots=336525 (28738s)
[cap 2404] d0=4116638 pm=2636 slots=880000 (28787s)
[cap 2405] d0=4089063 pm=2257 slots=880000 (28797s)
[cap 2406] d0=4122639 pm=2258 slots=880000 (28807s)
[cap 2407] d0=4106389 pm=2216 slots=880000 (28817s)
[cap 2408] d0=4094245 pm=1969 slots=880000 (28828s)
[cap 2409] d0=4119850 pm=1989 slots=880000 (28838s)
[cap 2410] d0=4113541 pm=2105 slots=880000 (28848s)
[cap 2411] d0=4096762 pm=1877 slots=880000 (28858s)
[cap 2412] d0=4106900 pm=2218 slots=880000 (28868s)
[cap 2413] d0=4107274 pm=2162 slots=880000 (28878s)
[cap 2414] d0=4082027 pm=1983 slots=880000 (28889s)
[cap 2415] d0=4133690 pm=2294 slots=880000 (28899s)
[cap 2416] d0=4102549 pm=2174 slots=880000 (28909s)
[cap 2417] d0=4081936 pm=2094 slots=880000 (28919s)
[cap 2418] d0=4081328 pm=2202 slots=880000 (28929s)
[cap 2419] d0=4126385 pm=2154 slots=880000 (28940s)
[cap 2420] d0=4089677 pm=2123 slots=880000 (28950s)
[cap 2421] d0=4114583 pm=2026 slots=880000 (28960s)
[cap 2422] d0=4088665 pm=1949 slots=880000 (28970s)
[cap 2423] d0=4105675 pm=2102 slots=880000 (28980s)
[cap 2424] d0=4111243 pm=1912 slots=880000 (28991s)
[cap 2425] d0=4088151 pm=2059 slots=880000 (29001s)
[cap 2426] d0=4088176 pm=2233 slots=880000 (29011s)
[cap 2427] d0=4083750 pm=2073 slots=880000 (29021s)
[cap 2428] d0=4101876 pm=2231 slots=880000 (29032s)
[cap 2429] d0=4113355 pm=2326 slots=880000 (29042s)
[cap 2430] d0=4094693 pm=2083 slots=880000 (29052s)
[cap 2431] d0=4097365 pm=2117 slots=880000 (29062s)
[cap 2432] d0=4098233 pm=2059 slots=880000 (29072s)
[cap 2433] d0=4123237 pm=2042 slots=880000 (29083s)
[cap 2434] d0=4114194 pm=2084 slots=880000 (29093s)
[cap 2435] d0=4106193 pm=2117 slots=880000 (29103s)
[cap 2436] d0=4120092 pm=2219 slots=880000 (29113s)
[cap 2437] d0=4113133 pm=2068 slots=880000 (29124s)
[cap 2438] d0=4124051 pm=1926 slots=880000 (29134s)
[cap 2439] d0=4094767 pm=2136 slots=880000 (29144s)
[cap 2440] d0=4113937 pm=1934 slots=880000 (29154s)
[cap 2441] d0=4087346 pm=2228 slots=880000 (29164s)
[cap 2442] d0=4102035 pm=2106 slots=880000 (29175s)
[cap 2443] d0=4092539 pm=1988 slots=880000 (29185s)
[cap 2444] d0=4120791 pm=2047 slots=880000 (29195s)
[cap 2445] d0=4127354 pm=2179 slots=880000 (29205s)
[cap 2446] d0=4122640 pm=1979 slots=880000 (29215s)
[cap 2447] d0=4104955 pm=1918 slots=880000 (29226s)
[cap 2448] d0=4105319 pm=2072 slots=880000 (29236s)
[cap 2449] d0=4136394 pm=2077 slots=880000 (29246s)
[cap 2450] d0=4095079 pm=2055 slots=880000 (29256s)
[cap 2451] d0=4102235 pm=2138 slots=880000 (29267s)
[cap 2452] d0=4090930 pm=2058 slots=880000 (29277s)
[cap 2453] d0=4085751 pm=2093 slots=880000 (29287s)
[cap 2454] d0=4087847 pm=1957 slots=880000 (29297s)
[cap 2455] d0=4095278 pm=2025 slots=880000 (29307s)
[cap 2456] d0=4102802 pm=1877 slots=880000 (29318s)
[cap 2457] d0=4080096 pm=2019 slots=880000 (29328s)
[cap 2458] d0=4118756 pm=2350 slots=880000 (29338s)
[cap 2459] d0=4081533 pm=2264 slots=880000 (29348s)
[cap 2460] d0=4128969 pm=1952 slots=880000 (29358s)
[cap 2461] d0=4124775 pm=2168 slots=880000 (29369s)
[cap 2462] d0=6731473 pm=2512 slots=160000 (29379s)
[cap 2463] d0=4118230 pm=3293 slots=880000 (29427s)
[cap 2464] d0=4118635 pm=2454 slots=880000 (29437s)
[cap 2465] d0=3618750 pm=2986 slots=288000 (29454s)
[cap 2466] d0=827960 pm=2051 slots=55040 (29460s)
[run clean] 290/300: running acc 4.83 (29460s)
[cap 2467] d0=4110260 pm=3205 slots=879975 (29508s)
[cap 2468] d0=4106935 pm=2349 slots=879975 (29518s)
[cap 2469] d0=4103110 pm=1613 slots=879975 (29528s)
[cap 2470] d0=4108888 pm=1465 slots=879975 (29539s)
[cap 2471] d0=4093506 pm=1638 slots=879975 (29549s)
[cap 2472] d0=4110805 pm=1588 slots=879975 (29559s)
[cap 2473] d0=4109309 pm=1553 slots=879975 (29569s)
[cap 2474] d0=4108606 pm=1721 slots=879975 (29579s)
[cap 2475] d0=4121704 pm=2277 slots=879975 (29590s)
[cap 2476] d0=4080119 pm=2014 slots=879975 (29600s)
[cap 2477] d0=4106935 pm=1676 slots=879975 (29610s)
[cap 2478] d0=4129429 pm=1779 slots=879975 (29621s)
[cap 2479] d0=4123134 pm=1687 slots=879975 (29631s)
[cap 2480] d0=4089537 pm=1682 slots=879975 (29641s)
[cap 2481] d0=4115801 pm=2007 slots=879975 (29651s)
[cap 2482] d0=4094989 pm=1842 slots=879975 (29661s)
[cap 2483] d0=4129592 pm=2928 slots=879975 (29672s)
[cap 2484] d0=4116072 pm=2272 slots=879975 (29682s)
[cap 2485] d0=4103848 pm=1725 slots=879975 (29692s)
[cap 2486] d0=4075708 pm=1796 slots=879975 (29702s)
[cap 2487] d0=4116720 pm=1820 slots=879975 (29713s)
[cap 2488] d0=5518942 pm=2220 slots=336525 (29742s)
[cap 2489] d0=4100075 pm=2560 slots=880000 (29790s)
[cap 2490] d0=4117497 pm=1942 slots=880000 (29800s)
[cap 2491] d0=4108087 pm=1823 slots=880000 (29811s)
[cap 2492] d0=4111871 pm=2111 slots=880000 (29821s)
[cap 2493] d0=4089906 pm=1962 slots=880000 (29831s)
[cap 2494] d0=4098410 pm=1952 slots=880000 (29841s)
[cap 2495] d0=4099277 pm=2056 slots=880000 (29852s)
[cap 2496] d0=4082757 pm=1890 slots=880000 (29862s)
[cap 2497] d0=4099653 pm=2211 slots=880000 (29872s)
[cap 2498] d0=4092856 pm=2245 slots=880000 (29882s)
[cap 2499] d0=4105926 pm=1975 slots=880000 (29893s)
[cap 2500] d0=4094470 pm=2024 slots=880000 (29903s)
[cap 2501] d0=4096853 pm=2128 slots=880000 (29913s)
[cap 2502] d0=4092356 pm=2052 slots=880000 (29923s)
[cap 2503] d0=4117867 pm=1973 slots=880000 (29934s)
[cap 2504] d0=4088716 pm=2252 slots=880000 (29944s)
[cap 2505] d0=4087432 pm=2177 slots=880000 (29954s)
[cap 2506] d0=4110776 pm=2005 slots=880000 (29964s)
[cap 2507] d0=4120275 pm=1997 slots=880000 (29975s)
[cap 2508] d0=4121416 pm=2094 slots=880000 (29985s)
[cap 2509] d0=4109025 pm=1907 slots=880000 (29995s)
[cap 2510] d0=4116833 pm=1930 slots=880000 (30005s)
[cap 2511] d0=4128221 pm=2079 slots=880000 (30016s)
[cap 2512] d0=4119825 pm=2011 slots=880000 (30026s)
[cap 2513] d0=4102472 pm=2142 slots=880000 (30036s)
[cap 2514] d0=4109865 pm=2203 slots=880000 (30046s)
[cap 2515] d0=4121299 pm=1950 slots=880000 (30056s)
[cap 2516] d0=4096273 pm=1979 slots=880000 (30067s)
[cap 2517] d0=4112761 pm=1937 slots=880000 (30077s)
[cap 2518] d0=4082219 pm=1924 slots=880000 (30087s)
[cap 2519] d0=4118258 pm=1960 slots=880000 (30097s)
[cap 2520] d0=4105782 pm=2174 slots=880000 (30108s)
[cap 2521] d0=4125368 pm=2209 slots=880000 (30118s)
[cap 2522] d0=4111707 pm=2113 slots=880000 (30128s)
[cap 2523] d0=4108981 pm=1928 slots=880000 (30138s)
[cap 2524] d0=4101043 pm=2101 slots=880000 (30148s)
[cap 2525] d0=4081601 pm=1985 slots=880000 (30159s)
[cap 2526] d0=4107857 pm=2015 slots=880000 (30169s)
[cap 2527] d0=4101389 pm=2143 slots=880000 (30179s)
[cap 2528] d0=4080634 pm=1992 slots=880000 (30189s)
[cap 2529] d0=4100300 pm=2344 slots=880000 (30199s)
[cap 2530] d0=4086908 pm=2389 slots=880000 (30210s)
[cap 2531] d0=4116036 pm=1939 slots=880000 (30220s)
[cap 2532] d0=4112253 pm=1981 slots=880000 (30230s)
[cap 2533] d0=4111170 pm=2039 slots=880000 (30240s)
[cap 2534] d0=4123252 pm=2145 slots=880000 (30250s)
[cap 2535] d0=4117138 pm=2160 slots=880000 (30261s)
[cap 2536] d0=4131495 pm=2094 slots=880000 (30271s)
[cap 2537] d0=4125971 pm=2079 slots=880000 (30281s)
[cap 2538] d0=4092152 pm=2121 slots=880000 (30291s)
[cap 2539] d0=4095231 pm=1880 slots=880000 (30301s)
[cap 2540] d0=4096327 pm=2035 slots=880000 (30312s)
[cap 2541] d0=4102306 pm=1857 slots=880000 (30322s)
[cap 2542] d0=4079879 pm=2092 slots=880000 (30332s)
[cap 2543] d0=4093131 pm=2137 slots=880000 (30342s)
[cap 2544] d0=4109145 pm=1989 slots=880000 (30353s)
[cap 2545] d0=4085079 pm=2109 slots=880000 (30363s)
[cap 2546] d0=4105105 pm=2324 slots=880000 (30373s)
[cap 2547] d0=6755237 pm=2523 slots=160000 (30383s)
[cap 2548] d0=4091465 pm=3019 slots=880000 (30432s)
[cap 2549] d0=4084976 pm=2373 slots=880000 (30442s)
[cap 2550] d0=3614512 pm=3047 slots=288000 (30459s)
[cap 2551] d0=2603755 pm=2062 slots=55040 (30465s)
[run clean] 300/300: running acc 5.00 (30465s)
[run clean] [300:600] FINAL: 5.00
[clean] saved
